<mxfile modified="2020-10-24T21:33:13.560Z" host="app.diagrams.net" agent="5.0 (Windows NT 10.0; Win64; x64) AppleWebKit/537.36 (KHTML, like Gecko) Chrome/86.0.4240.111 Safari/537.36" etag="8HxiIHxZ2hHsBhRLQS0u" compressed="false" version="13.8.1" type="device">
  <diagram id="eZRcFlvA4Ic9hnSg1Msx" name="Page-5">
    <mxGraphModel dx="1422" dy="1640" grid="1" gridSize="5" guides="1" tooltips="1" connect="1" arrows="1" fold="1" page="1" pageScale="1" pageWidth="360" pageHeight="935" math="0" shadow="0">
      <root>
        <mxCell id="spth0DDon3vnfrdNG20L-0" />
        <mxCell id="spth0DDon3vnfrdNG20L-1" parent="spth0DDon3vnfrdNG20L-0" />
        <mxCell id="spth0DDon3vnfrdNG20L-2" value="&lt;h1 style=&quot;font-size: 24px&quot;&gt;&lt;font style=&quot;font-size: 24px&quot;&gt;Data Engineer&lt;/font&gt;&lt;/h1&gt;" style="rounded=1;whiteSpace=nowrap;html=1;strokeColor=none;textDirection=ltr;fontSize=24;fontStyle=0" parent="spth0DDon3vnfrdNG20L-1" vertex="1">
          <mxGeometry x="105.5" y="99.5" width="180" height="60" as="geometry" />
        </mxCell>
        <mxCell id="spth0DDon3vnfrdNG20L-3" value="" style="curved=1;endArrow=none;html=1;entryX=0.5;entryY=0;entryDx=0;entryDy=0;dashed=1;fillColor=#dae8fc;strokeColor=#1F6286;endFill=0;" parent="spth0DDon3vnfrdNG20L-1" target="spth0DDon3vnfrdNG20L-2" edge="1">
          <mxGeometry width="50" height="50" relative="1" as="geometry">
            <mxPoint x="192" y="-0.5" as="sourcePoint" />
            <mxPoint x="122" y="39.5" as="targetPoint" />
            <Array as="points">
              <mxPoint x="232" y="19.5" />
              <mxPoint x="172" y="69.5" />
            </Array>
          </mxGeometry>
        </mxCell>
        <mxCell id="spth0DDon3vnfrdNG20L-4" style="edgeStyle=orthogonalEdgeStyle;curved=1;orthogonalLoop=1;jettySize=auto;html=1;entryX=0.5;entryY=0;entryDx=0;entryDy=0;strokeColor=#1F6286;endArrow=none;endFill=0;textDirection=ltr;" parent="spth0DDon3vnfrdNG20L-1" source="spth0DDon3vnfrdNG20L-2" target="spth0DDon3vnfrdNG20L-5" edge="1">
          <mxGeometry relative="1" as="geometry">
            <mxPoint x="196" y="199.5" as="sourcePoint" />
            <Array as="points">
              <mxPoint x="195" y="179.5" />
              <mxPoint x="97" y="179.5" />
            </Array>
          </mxGeometry>
        </mxCell>
        <mxCell id="spth0DDon3vnfrdNG20L-5" value="Summary of Data Formats" style="rounded=1;whiteSpace=nowrap;html=1;fillColor=#1F6286;fontColor=#FFFFFF;textDirection=ltr;" parent="spth0DDon3vnfrdNG20L-1" vertex="1">
          <mxGeometry x="12" y="204.5" width="170" height="40" as="geometry" />
        </mxCell>
        <UserObject label="Data Discovery" id="spth0DDon3vnfrdNG20L-7">
          <mxCell style="rounded=1;whiteSpace=nowrap;html=1;fillColor=#1F6286;fontColor=#FFFFFF;textDirection=ltr;" parent="spth0DDon3vnfrdNG20L-1" vertex="1">
            <mxGeometry x="12" y="254.5" width="170" height="40" as="geometry" />
          </mxCell>
        </UserObject>
        <UserObject label="Data Source &amp;amp; Acquisition" id="spth0DDon3vnfrdNG20L-8">
          <mxCell style="rounded=1;whiteSpace=nowrap;html=1;fillColor=#1F6286;fontColor=#FFFFFF;textDirection=ltr;" parent="spth0DDon3vnfrdNG20L-1" vertex="1">
            <mxGeometry x="12" y="304.5" width="170" height="40" as="geometry" />
          </mxCell>
        </UserObject>
        <UserObject label="Data Integration" id="spth0DDon3vnfrdNG20L-9">
          <mxCell style="rounded=1;whiteSpace=nowrap;html=1;fillColor=#1F6286;fontColor=#FFFFFF;textDirection=ltr;" parent="spth0DDon3vnfrdNG20L-1" vertex="1">
            <mxGeometry x="12" y="354.5" width="170" height="40" as="geometry" />
          </mxCell>
        </UserObject>
        <UserObject label="Data Fusion" id="spth0DDon3vnfrdNG20L-10">
          <mxCell style="rounded=1;whiteSpace=nowrap;html=1;fillColor=#1F6286;fontColor=#FFFFFF;textDirection=ltr;" parent="spth0DDon3vnfrdNG20L-1" vertex="1">
            <mxGeometry x="12" y="404.5" width="170" height="40" as="geometry" />
          </mxCell>
        </UserObject>
        <UserObject label="Transformation &amp;amp; Enrichment" id="spth0DDon3vnfrdNG20L-11">
          <mxCell style="rounded=1;whiteSpace=nowrap;html=1;fillColor=#1F6286;fontColor=#FFFFFF;textDirection=ltr;" parent="spth0DDon3vnfrdNG20L-1" vertex="1">
            <mxGeometry x="12" y="454.5" width="170" height="40" as="geometry" />
          </mxCell>
        </UserObject>
        <UserObject label="OpenRefine" link="http://openrefine.org/" id="spth0DDon3vnfrdNG20L-12">
          <mxCell style="rounded=1;whiteSpace=nowrap;html=1;fillColor=#1F6286;fontColor=#FFFFFF;textDirection=ltr;" parent="spth0DDon3vnfrdNG20L-1" vertex="1">
            <mxGeometry x="12" y="554.5" width="170" height="40" as="geometry" />
          </mxCell>
        </UserObject>
        <UserObject label="Data Survey" id="spth0DDon3vnfrdNG20L-14">
          <mxCell style="rounded=1;whiteSpace=nowrap;html=1;fillColor=#1F6286;fontColor=#FFFFFF;textDirection=ltr;" parent="spth0DDon3vnfrdNG20L-1" vertex="1">
            <mxGeometry x="12" y="504.5" width="170" height="40" as="geometry" />
          </mxCell>
        </UserObject>
        <UserObject label="How much Data" id="spth0DDon3vnfrdNG20L-16">
          <mxCell style="rounded=1;whiteSpace=nowrap;html=1;fillColor=#1F6286;fontColor=#FFFFFF;textDirection=ltr;" parent="spth0DDon3vnfrdNG20L-1" vertex="1">
            <mxGeometry x="12" y="604.5" width="170" height="40" as="geometry" />
          </mxCell>
        </UserObject>
        <UserObject label="Using ETL" id="spth0DDon3vnfrdNG20L-17">
          <mxCell style="rounded=1;whiteSpace=nowrap;html=1;fillColor=#1F6286;fontColor=#FFFFFF;textDirection=ltr;" parent="spth0DDon3vnfrdNG20L-1" vertex="1">
            <mxGeometry x="12" y="654.5" width="170" height="40" as="geometry" />
          </mxCell>
        </UserObject>
        <UserObject label="Data Lake vs Data Warehouse" link="https://martinfowler.com/bliki/DataLake.html" id="spth0DDon3vnfrdNG20L-18">
          <mxCell style="rounded=1;whiteSpace=nowrap;html=1;fillColor=#1F6286;fontColor=#FFFFFF;textDirection=ltr;" parent="spth0DDon3vnfrdNG20L-1" vertex="1">
            <mxGeometry x="12" y="704.5" width="170" height="40" as="geometry" />
          </mxCell>
        </UserObject>
        <UserObject label="Dockerize your Python Application" link="https://runnable.com/docker/python/dockerize-your-python-application" id="spth0DDon3vnfrdNG20L-19">
          <mxCell style="rounded=1;html=1;fillColor=#1F6286;fontColor=#FFFFFF;textDirection=ltr;whiteSpace=wrap;" parent="spth0DDon3vnfrdNG20L-1" vertex="1">
            <mxGeometry x="12" y="754.5" width="170" height="40" as="geometry" />
          </mxCell>
        </UserObject>
        <mxCell id="igHCT9EcDnu6rs0czpqZ-0" style="edgeStyle=orthogonalEdgeStyle;curved=1;orthogonalLoop=1;jettySize=auto;html=1;exitX=0.5;exitY=1;exitDx=0;exitDy=0;dashed=1;endArrow=none;endFill=0;strokeColor=#1F6286;fontSize=24;fontColor=#FFFFFF;" parent="spth0DDon3vnfrdNG20L-1" source="spth0DDon3vnfrdNG20L-19" target="igHCT9EcDnu6rs0czpqZ-1" edge="1">
          <mxGeometry relative="1" as="geometry">
            <mxPoint x="226.64705882352928" y="938.7941176470588" as="sourcePoint" />
          </mxGeometry>
        </mxCell>
        <mxCell id="igHCT9EcDnu6rs0czpqZ-1" value="&lt;h1 style=&quot;font-size: 21px;&quot;&gt;&lt;font style=&quot;font-size: 21px;&quot;&gt;keep exploring and stay up-to-date&lt;/font&gt;&lt;/h1&gt;" style="rounded=1;html=1;strokeColor=none;textDirection=ltr;fontSize=21;fontStyle=0;whiteSpace=wrap;" parent="spth0DDon3vnfrdNG20L-1" vertex="1">
          <mxGeometry x="137" y="864.5" width="218" height="60" as="geometry" />
        </mxCell>
      </root>
    </mxGraphModel>
  </diagram>
</mxfile>
