<?xml version="1.0" encoding="UTF-8"?>
<mxfile modified="2021-03-05T15:47:26.215Z" host="app.diagrams.net" agent="5.0 (Macintosh; Intel Mac OS X 11_2_1) AppleWebKit/537.36 (KHTML, like Gecko) Chrome/89.0.4389.72 Safari/537.36" etag="PH9G8er7G4pyWMXw1H3-" compressed="false" version="14.4.4" type="device">
  <diagram id="rtSr3QTENstnuI61b4uq" name="Page-1">
    <mxGraphModel dx="786" dy="1072" grid="1" gridSize="5" guides="1" tooltips="1" connect="1" arrows="1" fold="1" page="1" pageScale="1" pageWidth="840" pageHeight="2500" math="0" shadow="0">
      <root>
        <mxCell id="0" />
        <mxCell id="1" parent="0" />
        <mxCell id="TaBsdL_WbFngfGy-Ndm6-1" value="&lt;h1 style=&quot;font-size: 24px&quot;&gt;&lt;font style=&quot;font-size: 24px&quot;&gt;Data Scientist&lt;/font&gt;&lt;/h1&gt;" style="rounded=1;whiteSpace=nowrap;html=1;strokeColor=none;textDirection=ltr;fontSize=24;fontStyle=0;fillColor=none;" parent="1" vertex="1">
          <mxGeometry x="295" y="100" width="180" height="60" as="geometry" />
        </mxCell>
        <mxCell id="TaBsdL_WbFngfGy-Ndm6-2" value="" style="curved=1;endArrow=none;html=1;entryX=0.5;entryY=0;entryDx=0;entryDy=0;dashed=1;strokeColor=#1F6286;endFill=0;fontSize=24;fontColor=#FFFFFF;" parent="1" target="TaBsdL_WbFngfGy-Ndm6-1" edge="1">
          <mxGeometry width="50" height="50" relative="1" as="geometry">
            <mxPoint x="381.5" y="21" as="sourcePoint" />
            <mxPoint x="311.5" y="61" as="targetPoint" />
            <Array as="points">
              <mxPoint x="412.5" y="46" />
              <mxPoint x="367.5" y="71" />
            </Array>
          </mxGeometry>
        </mxCell>
        <mxCell id="Cq76QrIc5dfTi0YlTipQ-34" style="edgeStyle=orthogonalEdgeStyle;curved=1;orthogonalLoop=1;jettySize=auto;html=1;exitX=0.5;exitY=1;exitDx=0;exitDy=0;strokeColor=#1F6286;endArrow=none;endFill=0;textDirection=ltr;fontSize=10;fontColor=#FFFFFF;" parent="1" source="TaBsdL_WbFngfGy-Ndm6-1" target="Cq76QrIc5dfTi0YlTipQ-33" edge="1">
          <mxGeometry relative="1" as="geometry">
            <mxPoint x="344" y="520" as="sourcePoint" />
          </mxGeometry>
        </mxCell>
        <UserObject label="Probability Theory" link="https://seeing-theory.brown.edu/index.html" id="Cq76QrIc5dfTi0YlTipQ-33">
          <mxCell style="rounded=1;whiteSpace=nowrap;html=1;fontColor=#FFFFFF;fillColor=#1F6286;textDirection=ltr;shadow=1;" parent="1" vertex="1">
            <mxGeometry x="389" y="300.5" width="170" height="30" as="geometry" />
          </mxCell>
        </UserObject>
        <mxCell id="Cq76QrIc5dfTi0YlTipQ-45" style="edgeStyle=orthogonalEdgeStyle;curved=1;orthogonalLoop=1;jettySize=auto;html=1;exitX=1;exitY=0.5;exitDx=0;exitDy=0;dashed=1;dashPattern=1 2;endArrow=none;endFill=0;strokeColor=#1F6286;fontSize=10;fontColor=#FFFFFF;textDirection=ltr;" parent="1" source="Cq76QrIc5dfTi0YlTipQ-35" target="Cq76QrIc5dfTi0YlTipQ-33" edge="1">
          <mxGeometry relative="1" as="geometry" />
        </mxCell>
        <UserObject label="&lt;font style=&quot;font-size: 10px;&quot;&gt;Probability distribution&lt;/font&gt;" link="https://en.wikipedia.org/wiki/Probability_distribution" id="Cq76QrIc5dfTi0YlTipQ-35">
          <mxCell style="rounded=1;whiteSpace=nowrap;html=1;fontSize=11;fillColor=#878787;textDirection=ltr;fontColor=#FFFFFF;labelBackgroundColor=none;endFill=0;endArrow=none;shadow=1;" parent="1" vertex="1">
            <mxGeometry x="39" y="308" width="230" height="20" as="geometry" />
          </mxCell>
        </UserObject>
        <mxCell id="Cq76QrIc5dfTi0YlTipQ-44" style="edgeStyle=orthogonalEdgeStyle;curved=1;orthogonalLoop=1;jettySize=auto;html=1;exitX=1;exitY=0.5;exitDx=0;exitDy=0;dashed=1;dashPattern=1 2;endArrow=none;endFill=0;strokeColor=#1F6286;entryX=0;entryY=0.5;entryDx=0;entryDy=0;fontSize=10;fontColor=#FFFFFF;textDirection=ltr;" parent="1" source="Cq76QrIc5dfTi0YlTipQ-36" target="Cq76QrIc5dfTi0YlTipQ-33" edge="1">
          <mxGeometry relative="1" as="geometry" />
        </mxCell>
        <mxCell id="Cq76QrIc5dfTi0YlTipQ-36" value="&lt;font style=&quot;font-size: 10px&quot;&gt;&lt;a href=&quot;https://en.wikipedia.org/wiki/Randomness&quot;&gt;&lt;font color=&quot;#ffffff&quot;&gt;Randomness&lt;/font&gt;&lt;/a&gt;, &lt;a href=&quot;https://en.wikipedia.org/wiki/Random_variable&quot;&gt;&lt;font color=&quot;#ffffff&quot;&gt;random variable&lt;/font&gt;&lt;/a&gt; and &lt;br style=&quot;font-size: 10px&quot;&gt;&lt;a href=&quot;https://en.wikipedia.org/wiki/Simple_random_sample&quot;&gt;&lt;font color=&quot;#ffffff&quot;&gt;random sample&lt;/font&gt;&lt;/a&gt;&lt;/font&gt;" style="rounded=1;whiteSpace=nowrap;html=1;align=center;fontSize=11;fillColor=#878787;textDirection=ltr;fontColor=#FFFFFF;labelBackgroundColor=none;endFill=0;endArrow=none;shadow=1;" parent="1" vertex="1">
          <mxGeometry x="39" y="269.5000000000001" width="230" height="30" as="geometry" />
        </mxCell>
        <mxCell id="Cq76QrIc5dfTi0YlTipQ-46" style="edgeStyle=orthogonalEdgeStyle;curved=1;orthogonalLoop=1;jettySize=auto;html=1;exitX=1;exitY=0.5;exitDx=0;exitDy=0;dashed=1;dashPattern=1 2;endArrow=none;endFill=0;strokeColor=#1F6286;entryX=0;entryY=0.5;entryDx=0;entryDy=0;fontSize=10;fontColor=#FFFFFF;textDirection=ltr;" parent="1" source="Cq76QrIc5dfTi0YlTipQ-37" target="Cq76QrIc5dfTi0YlTipQ-33" edge="1">
          <mxGeometry relative="1" as="geometry" />
        </mxCell>
        <mxCell id="Cq76QrIc5dfTi0YlTipQ-37" value="&lt;font style=&quot;font-size: 10px&quot;&gt;&lt;a href=&quot;https://en.wikipedia.org/wiki/Conditional_probability&quot;&gt;&lt;font color=&quot;#ffffff&quot;&gt;Conditional probability&lt;/font&gt;&lt;/a&gt; and &lt;br style=&quot;font-size: 10px&quot;&gt;&lt;a href=&quot;https://en.wikipedia.org/wiki/Bayes%27_theorem&quot;&gt;&lt;font color=&quot;#ffffff&quot;&gt;Bayes&#39; theorem&lt;/font&gt;&lt;/a&gt;&lt;/font&gt;" style="rounded=1;whiteSpace=nowrap;html=1;fontSize=11;fillColor=#878787;textDirection=ltr;fontColor=#FFFFFF;labelBackgroundColor=none;endFill=0;endArrow=none;shadow=1;" parent="1" vertex="1">
          <mxGeometry x="39" y="336" width="230" height="30" as="geometry" />
        </mxCell>
        <mxCell id="Cq76QrIc5dfTi0YlTipQ-50" style="edgeStyle=orthogonalEdgeStyle;curved=1;orthogonalLoop=1;jettySize=auto;html=1;exitX=1;exitY=0.5;exitDx=0;exitDy=0;entryX=0;entryY=0.5;entryDx=0;entryDy=0;endArrow=none;endFill=0;strokeColor=#1F6286;dashed=1;dashPattern=1 2;fontSize=10;fontColor=#FFFFFF;textDirection=ltr;" parent="1" source="Cq76QrIc5dfTi0YlTipQ-38" target="Cq76QrIc5dfTi0YlTipQ-33" edge="1">
          <mxGeometry relative="1" as="geometry" />
        </mxCell>
        <UserObject label="&lt;font style=&quot;font-size: 10px;&quot;&gt;(Statistical) independence&lt;/font&gt;" link="https://en.wikipedia.org/wiki/Conditional_probability#Statistical_independence" id="Cq76QrIc5dfTi0YlTipQ-38">
          <mxCell style="rounded=1;whiteSpace=nowrap;html=1;fontSize=11;fillColor=#878787;textDirection=ltr;fontColor=#FFFFFF;labelBackgroundColor=none;endFill=0;endArrow=none;shadow=1;" parent="1" vertex="1">
            <mxGeometry x="39" y="374" width="230" height="20" as="geometry" />
          </mxCell>
        </UserObject>
        <mxCell id="Cq76QrIc5dfTi0YlTipQ-51" style="edgeStyle=orthogonalEdgeStyle;curved=1;orthogonalLoop=1;jettySize=auto;html=1;exitX=1;exitY=0.5;exitDx=0;exitDy=0;entryX=0;entryY=0.5;entryDx=0;entryDy=0;dashed=1;dashPattern=1 2;endArrow=none;endFill=0;strokeColor=#1F6286;fontSize=10;fontColor=#FFFFFF;textDirection=ltr;" parent="1" source="Cq76QrIc5dfTi0YlTipQ-39" target="Cq76QrIc5dfTi0YlTipQ-33" edge="1">
          <mxGeometry relative="1" as="geometry" />
        </mxCell>
        <UserObject label="&lt;font style=&quot;font-size: 10px;&quot;&gt;iid&lt;/font&gt;" link="https://en.wikipedia.org/wiki/Independent_and_identically_distributed_random_variables" id="Cq76QrIc5dfTi0YlTipQ-39">
          <mxCell style="rounded=1;whiteSpace=nowrap;html=1;fontSize=11;fillColor=#878787;textDirection=ltr;fontColor=#FFFFFF;labelBackgroundColor=none;endFill=0;endArrow=none;shadow=1;" parent="1" vertex="1">
            <mxGeometry x="39" y="405" width="230" height="20" as="geometry" />
          </mxCell>
        </UserObject>
        <mxCell id="Cq76QrIc5dfTi0YlTipQ-52" style="edgeStyle=orthogonalEdgeStyle;curved=1;orthogonalLoop=1;jettySize=auto;html=1;exitX=1;exitY=0.5;exitDx=0;exitDy=0;entryX=0;entryY=0.5;entryDx=0;entryDy=0;dashed=1;dashPattern=1 2;endArrow=none;endFill=0;strokeColor=#1F6286;fontSize=10;fontColor=#FFFFFF;textDirection=ltr;" parent="1" source="Cq76QrIc5dfTi0YlTipQ-40" target="Cq76QrIc5dfTi0YlTipQ-33" edge="1">
          <mxGeometry relative="1" as="geometry" />
        </mxCell>
        <mxCell id="Cq76QrIc5dfTi0YlTipQ-40" value="&lt;span style=&quot;font-size: 10px;&quot;&gt;cdf, pdf, pmf&lt;/span&gt;" style="rounded=1;whiteSpace=nowrap;html=1;fontSize=11;fillColor=#878787;textDirection=ltr;fontColor=#FFFFFF;labelBackgroundColor=none;endFill=0;endArrow=none;" parent="1" vertex="1">
          <mxGeometry x="39" y="435.0000000000001" width="230" height="20" as="geometry" />
        </mxCell>
        <mxCell id="Cq76QrIc5dfTi0YlTipQ-94" style="edgeStyle=orthogonalEdgeStyle;curved=1;orthogonalLoop=1;jettySize=auto;html=1;exitX=1;exitY=0.5;exitDx=0;exitDy=0;entryX=0;entryY=0.5;entryDx=0;entryDy=0;dashed=1;dashPattern=1 2;endArrow=none;endFill=0;strokeColor=#1F6286;fontSize=10;fontColor=#FFFFFF;textDirection=ltr;" parent="1" source="Cq76QrIc5dfTi0YlTipQ-48" target="Cq76QrIc5dfTi0YlTipQ-87" edge="1">
          <mxGeometry relative="1" as="geometry">
            <Array as="points">
              <mxPoint x="604" y="366" />
              <mxPoint x="604" y="70" />
            </Array>
          </mxGeometry>
        </mxCell>
        <mxCell id="Cq76QrIc5dfTi0YlTipQ-95" style="edgeStyle=orthogonalEdgeStyle;curved=1;orthogonalLoop=1;jettySize=auto;html=1;exitX=1;exitY=0.5;exitDx=0;exitDy=0;entryX=0;entryY=0.5;entryDx=0;entryDy=0;dashed=1;dashPattern=1 2;endArrow=none;endFill=0;strokeColor=#1F6286;fontSize=10;fontColor=#FFFFFF;textDirection=ltr;" parent="1" source="Cq76QrIc5dfTi0YlTipQ-48" target="Cq76QrIc5dfTi0YlTipQ-88" edge="1">
          <mxGeometry relative="1" as="geometry">
            <Array as="points">
              <mxPoint x="604" y="366" />
              <mxPoint x="604" y="95" />
            </Array>
          </mxGeometry>
        </mxCell>
        <UserObject label="Continuous distributions (pdf&#39;s)" link="https://en.wikipedia.org/wiki/Probability_distribution#Continuous_probability_distribution" id="Cq76QrIc5dfTi0YlTipQ-48">
          <mxCell style="rounded=1;whiteSpace=nowrap;html=1;fontColor=#FFFFFF;fillColor=#1F6286;textDirection=ltr;shadow=1;" parent="1" vertex="1">
            <mxGeometry x="389" y="350" width="170" height="30" as="geometry" />
          </mxCell>
        </UserObject>
        <mxCell id="Cq76QrIc5dfTi0YlTipQ-84" style="edgeStyle=orthogonalEdgeStyle;curved=1;orthogonalLoop=1;jettySize=auto;html=1;exitX=0;exitY=0.5;exitDx=0;exitDy=0;entryX=0;entryY=0.5;entryDx=0;entryDy=0;dashed=1;dashPattern=1 2;endArrow=none;endFill=0;strokeColor=#1B3CB3;fontSize=10;fontColor=#FFFFFF;textDirection=ltr;" parent="1" source="Cq76QrIc5dfTi0YlTipQ-80" target="Cq76QrIc5dfTi0YlTipQ-40" edge="1">
          <mxGeometry relative="1" as="geometry">
            <Array as="points">
              <mxPoint x="24" y="470" />
              <mxPoint x="24" y="445" />
            </Array>
          </mxGeometry>
        </mxCell>
        <UserObject label="&lt;font style=&quot;font-size: 10px&quot;&gt;Cumulative distribution function (cdf)&lt;/font&gt;" link="https://en.wikipedia.org/wiki/Cumulative_distribution_function" id="Cq76QrIc5dfTi0YlTipQ-80">
          <mxCell style="rounded=1;whiteSpace=nowrap;html=1;fontSize=10;fontColor=#FFFFFF;fillColor=#878787;textDirection=ltr;labelBackgroundColor=none;endFill=0;endArrow=none;shadow=1;" parent="1" vertex="1">
            <mxGeometry x="89" y="462.5" width="180" height="15" as="geometry" />
          </mxCell>
        </UserObject>
        <mxCell id="Cq76QrIc5dfTi0YlTipQ-85" style="edgeStyle=orthogonalEdgeStyle;curved=1;orthogonalLoop=1;jettySize=auto;html=1;exitX=0;exitY=0.5;exitDx=0;exitDy=0;dashed=1;dashPattern=1 2;endArrow=none;endFill=0;strokeColor=#1B3CB3;fontSize=10;fontColor=#FFFFFF;textDirection=ltr;entryX=0;entryY=0.5;entryDx=0;entryDy=0;" parent="1" source="Cq76QrIc5dfTi0YlTipQ-82" target="Cq76QrIc5dfTi0YlTipQ-40" edge="1">
          <mxGeometry relative="1" as="geometry">
            <mxPoint x="39" y="450" as="targetPoint" />
            <Array as="points">
              <mxPoint x="19" y="490" />
              <mxPoint x="19" y="445" />
            </Array>
          </mxGeometry>
        </mxCell>
        <UserObject label="&lt;span style=&quot;text-align: left; white-space: nowrap; font-size: 10px;&quot;&gt;Probability density function (pdf)&lt;/span&gt;" link="https://en.wikipedia.org/wiki/Probability_density_function" id="Cq76QrIc5dfTi0YlTipQ-82">
          <mxCell style="rounded=1;whiteSpace=nowrap;html=1;fontSize=10;fontColor=#FFFFFF;fillColor=#878787;textDirection=ltr;labelBackgroundColor=none;endFill=0;endArrow=none;shadow=1;" parent="1" vertex="1">
            <mxGeometry x="89" y="482.5" width="180" height="15" as="geometry" />
          </mxCell>
        </UserObject>
        <mxCell id="Cq76QrIc5dfTi0YlTipQ-86" style="edgeStyle=orthogonalEdgeStyle;curved=1;orthogonalLoop=1;jettySize=auto;html=1;exitX=0;exitY=0.5;exitDx=0;exitDy=0;dashed=1;dashPattern=1 2;endArrow=none;endFill=0;strokeColor=#1B3CB3;fontSize=10;entryX=0;entryY=0.5;entryDx=0;entryDy=0;fontColor=#FFFFFF;textDirection=ltr;" parent="1" source="Cq76QrIc5dfTi0YlTipQ-83" target="Cq76QrIc5dfTi0YlTipQ-40" edge="1">
          <mxGeometry relative="1" as="geometry" />
        </mxCell>
        <UserObject label="Probability mass function (pmf)" link="https://en.wikipedia.org/wiki/Probability_mass_function" id="Cq76QrIc5dfTi0YlTipQ-83">
          <mxCell style="rounded=1;whiteSpace=nowrap;html=1;fontSize=10;fontColor=#FFFFFF;fillColor=#878787;textDirection=ltr;labelBackgroundColor=none;endFill=0;endArrow=none;shadow=1;" parent="1" vertex="1">
            <mxGeometry x="89" y="502.5" width="180" height="15" as="geometry" />
          </mxCell>
        </UserObject>
        <UserObject label="Normal / Gaussian" link="https://en.wikipedia.org/wiki/Normal_distribution" id="Cq76QrIc5dfTi0YlTipQ-87">
          <mxCell style="rounded=1;whiteSpace=nowrap;html=1;fontSize=11;fillColor=#878787;textDirection=ltr;fontColor=#FFFFFF;labelBackgroundColor=none;endFill=0;endArrow=none;shadow=1;" parent="1" vertex="1">
            <mxGeometry x="708.5" y="60" width="120" height="20" as="geometry" />
          </mxCell>
        </UserObject>
        <UserObject label="Uniform (continuous)" link="https://en.wikipedia.org/wiki/Uniform_distribution_(continuous)" id="Cq76QrIc5dfTi0YlTipQ-88">
          <mxCell style="rounded=1;whiteSpace=nowrap;html=1;fontSize=11;fillColor=#878787;textDirection=ltr;fontColor=#FFFFFF;labelBackgroundColor=none;endFill=0;endArrow=none;shadow=1;" parent="1" vertex="1">
            <mxGeometry x="708.5" y="85" width="120" height="20" as="geometry" />
          </mxCell>
        </UserObject>
        <mxCell id="Cq76QrIc5dfTi0YlTipQ-96" style="edgeStyle=orthogonalEdgeStyle;curved=1;orthogonalLoop=1;jettySize=auto;html=1;exitX=0;exitY=0.5;exitDx=0;exitDy=0;entryX=1;entryY=0.5;entryDx=0;entryDy=0;dashed=1;dashPattern=1 2;endArrow=none;endFill=0;strokeColor=#1F6286;fontSize=10;fontColor=#FFFFFF;textDirection=ltr;" parent="1" source="Cq76QrIc5dfTi0YlTipQ-90" target="Cq76QrIc5dfTi0YlTipQ-48" edge="1">
          <mxGeometry relative="1" as="geometry">
            <Array as="points">
              <mxPoint x="604" y="120" />
              <mxPoint x="604" y="366" />
            </Array>
          </mxGeometry>
        </mxCell>
        <UserObject label="Beta" link="https://en.wikipedia.org/wiki/Beta_distribution" id="Cq76QrIc5dfTi0YlTipQ-90">
          <mxCell style="rounded=1;whiteSpace=nowrap;html=1;fontSize=11;fillColor=#878787;textDirection=ltr;fontColor=#FFFFFF;labelBackgroundColor=none;endFill=0;endArrow=none;shadow=1;" parent="1" vertex="1">
            <mxGeometry x="708.5" y="110" width="120" height="20" as="geometry" />
          </mxCell>
        </UserObject>
        <mxCell id="Cq76QrIc5dfTi0YlTipQ-97" style="edgeStyle=orthogonalEdgeStyle;curved=1;orthogonalLoop=1;jettySize=auto;html=1;exitX=0;exitY=0.5;exitDx=0;exitDy=0;entryX=1;entryY=0.5;entryDx=0;entryDy=0;dashed=1;dashPattern=1 2;endArrow=none;endFill=0;strokeColor=#1F6286;fontSize=10;fontColor=#FFFFFF;textDirection=ltr;" parent="1" source="Cq76QrIc5dfTi0YlTipQ-91" target="Cq76QrIc5dfTi0YlTipQ-48" edge="1">
          <mxGeometry relative="1" as="geometry">
            <Array as="points">
              <mxPoint x="604" y="145" />
              <mxPoint x="604" y="366" />
            </Array>
          </mxGeometry>
        </mxCell>
        <UserObject label="Dirichlet" link="https://en.wikipedia.org/wiki/Dirichlet_distribution" id="Cq76QrIc5dfTi0YlTipQ-91">
          <mxCell style="rounded=1;whiteSpace=nowrap;html=1;fontSize=11;fillColor=#878787;textDirection=ltr;fontColor=#FFFFFF;labelBackgroundColor=none;endFill=0;endArrow=none;shadow=1;" parent="1" vertex="1">
            <mxGeometry x="708.5" y="135" width="120" height="20" as="geometry" />
          </mxCell>
        </UserObject>
        <mxCell id="Cq76QrIc5dfTi0YlTipQ-98" style="edgeStyle=orthogonalEdgeStyle;curved=1;orthogonalLoop=1;jettySize=auto;html=1;exitX=0;exitY=0.5;exitDx=0;exitDy=0;entryX=1;entryY=0.5;entryDx=0;entryDy=0;dashed=1;dashPattern=1 2;endArrow=none;endFill=0;strokeColor=#1F6286;fontSize=10;fontColor=#FFFFFF;textDirection=ltr;" parent="1" source="Cq76QrIc5dfTi0YlTipQ-92" target="Cq76QrIc5dfTi0YlTipQ-48" edge="1">
          <mxGeometry relative="1" as="geometry">
            <Array as="points">
              <mxPoint x="604" y="170" />
              <mxPoint x="604" y="366" />
            </Array>
          </mxGeometry>
        </mxCell>
        <UserObject label="Exponential" link="https://en.wikipedia.org/wiki/Exponential_distribution" id="Cq76QrIc5dfTi0YlTipQ-92">
          <mxCell style="rounded=1;whiteSpace=nowrap;html=1;fontSize=11;fillColor=#878787;textDirection=ltr;fontColor=#FFFFFF;labelBackgroundColor=none;endFill=0;endArrow=none;shadow=1;" parent="1" vertex="1">
            <mxGeometry x="709" y="160" width="120" height="20" as="geometry" />
          </mxCell>
        </UserObject>
        <mxCell id="Cq76QrIc5dfTi0YlTipQ-99" style="edgeStyle=orthogonalEdgeStyle;curved=1;orthogonalLoop=1;jettySize=auto;html=1;exitX=0;exitY=0.5;exitDx=0;exitDy=0;entryX=1;entryY=0.5;entryDx=0;entryDy=0;dashed=1;dashPattern=1 2;endArrow=none;endFill=0;strokeColor=#1F6286;fontSize=10;fontColor=#FFFFFF;textDirection=ltr;" parent="1" source="Cq76QrIc5dfTi0YlTipQ-102" target="Cq76QrIc5dfTi0YlTipQ-48" edge="1">
          <mxGeometry relative="1" as="geometry">
            <Array as="points">
              <mxPoint x="604" y="195" />
              <mxPoint x="604" y="366" />
            </Array>
          </mxGeometry>
        </mxCell>
        <UserObject label="&lt;font face=&quot;sans-serif&quot;&gt;Uniform (discrete)&lt;/font&gt;" link="https://en.wikipedia.org/wiki/Discrete_uniform_distribution" id="Cq76QrIc5dfTi0YlTipQ-93">
          <mxCell style="rounded=1;whiteSpace=nowrap;html=1;fontSize=11;fillColor=#878787;textDirection=ltr;fontColor=#FFFFFF;labelBackgroundColor=none;endFill=0;endArrow=none;shadow=1;" parent="1" vertex="1">
            <mxGeometry x="708.5" y="231" width="120" height="20" as="geometry" />
          </mxCell>
        </UserObject>
        <mxCell id="Cq76QrIc5dfTi0YlTipQ-278" style="edgeStyle=orthogonalEdgeStyle;curved=1;orthogonalLoop=1;jettySize=auto;html=1;exitX=1;exitY=0.5;exitDx=0;exitDy=0;entryX=0;entryY=0.5;entryDx=0;entryDy=0;dashed=1;dashPattern=1 2;endArrow=none;endFill=0;strokeColor=#1F6286;fontSize=10;fontColor=#FFFFFF;" parent="1" source="Cq76QrIc5dfTi0YlTipQ-100" target="Cq76QrIc5dfTi0YlTipQ-93" edge="1">
          <mxGeometry relative="1" as="geometry" />
        </mxCell>
        <UserObject label="Discrete distributions (pmf&#39;s)" link="https://support.minitab.com/en-us/minitab-express/1/help-and-how-to/basic-statistics/probability-distributions/supporting-topics/basics/continuous-and-discrete-probability-distributions/#what-is-a-discrete-distribution" id="Cq76QrIc5dfTi0YlTipQ-100">
          <mxCell style="rounded=1;whiteSpace=nowrap;html=1;fontColor=#FFFFFF;fillColor=#1F6286;textDirection=ltr;shadow=1;" parent="1" vertex="1">
            <mxGeometry x="389" y="400" width="170" height="30" as="geometry" />
          </mxCell>
        </UserObject>
        <UserObject label="&lt;font style=&quot;font-size: 10px&quot;&gt;&lt;span style=&quot;font-family: sans-serif ; white-space: nowrap&quot;&gt;&amp;nbsp;&lt;/span&gt;&lt;span class=&quot;nowrap&quot; style=&quot;font-family: sans-serif&quot;&gt;&lt;span style=&quot;font-family: serif&quot;&gt;&lt;i&gt;χ&lt;/i&gt;&lt;/span&gt;&lt;sup style=&quot;line-height: 1&quot;&gt;2&lt;/sup&gt;&lt;span style=&quot;line-height: 1&quot;&gt;&amp;nbsp;(chi-squared)&lt;/span&gt;&lt;/span&gt;&lt;/font&gt;" link="https://en.wikipedia.org/wiki/Chi-squared_distribution" id="Cq76QrIc5dfTi0YlTipQ-102">
          <mxCell style="rounded=1;whiteSpace=nowrap;html=1;fontSize=11;fillColor=#878787;textDirection=ltr;fontColor=#FFFFFF;labelBackgroundColor=none;endFill=0;endArrow=none;shadow=1;" parent="1" vertex="1">
            <mxGeometry x="708.5" y="185" width="120" height="20" as="geometry" />
          </mxCell>
        </UserObject>
        <mxCell id="Cq76QrIc5dfTi0YlTipQ-279" style="edgeStyle=orthogonalEdgeStyle;curved=1;orthogonalLoop=1;jettySize=auto;html=1;exitX=0;exitY=0.5;exitDx=0;exitDy=0;entryX=1;entryY=0.5;entryDx=0;entryDy=0;dashed=1;dashPattern=1 2;endArrow=none;endFill=0;strokeColor=#1F6286;fontSize=10;fontColor=#FFFFFF;" parent="1" source="Cq76QrIc5dfTi0YlTipQ-103" target="Cq76QrIc5dfTi0YlTipQ-100" edge="1">
          <mxGeometry relative="1" as="geometry" />
        </mxCell>
        <UserObject label="&lt;font face=&quot;sans-serif&quot;&gt;Binomial&lt;/font&gt;" link="https://en.wikipedia.org/wiki/Binomial_distribution" id="Cq76QrIc5dfTi0YlTipQ-103">
          <mxCell style="rounded=1;whiteSpace=nowrap;html=1;fontSize=11;fillColor=#878787;textDirection=ltr;fontColor=#FFFFFF;labelBackgroundColor=none;endFill=0;endArrow=none;shadow=1;" parent="1" vertex="1">
            <mxGeometry x="708.5" y="256.5" width="120" height="20" as="geometry" />
          </mxCell>
        </UserObject>
        <mxCell id="Cq76QrIc5dfTi0YlTipQ-280" style="edgeStyle=orthogonalEdgeStyle;curved=1;orthogonalLoop=1;jettySize=auto;html=1;exitX=0;exitY=0.5;exitDx=0;exitDy=0;entryX=1;entryY=0.5;entryDx=0;entryDy=0;dashed=1;dashPattern=1 2;endArrow=none;endFill=0;strokeColor=#1F6286;fontSize=10;fontColor=#FFFFFF;" parent="1" source="Cq76QrIc5dfTi0YlTipQ-106" target="Cq76QrIc5dfTi0YlTipQ-100" edge="1">
          <mxGeometry relative="1" as="geometry" />
        </mxCell>
        <UserObject label="&lt;font face=&quot;sans-serif&quot;&gt;Multinomial&lt;/font&gt;" link="https://en.wikipedia.org/wiki/Multinomial_distribution" id="Cq76QrIc5dfTi0YlTipQ-106">
          <mxCell style="rounded=1;whiteSpace=nowrap;html=1;fontSize=11;fillColor=#878787;textDirection=ltr;fontColor=#FFFFFF;labelBackgroundColor=none;endFill=0;endArrow=none;shadow=1;" parent="1" vertex="1">
            <mxGeometry x="708.5" y="281.5" width="120" height="20" as="geometry" />
          </mxCell>
        </UserObject>
        <mxCell id="Cq76QrIc5dfTi0YlTipQ-281" style="edgeStyle=orthogonalEdgeStyle;curved=1;orthogonalLoop=1;jettySize=auto;html=1;exitX=0;exitY=0.5;exitDx=0;exitDy=0;entryX=1;entryY=0.5;entryDx=0;entryDy=0;dashed=1;dashPattern=1 2;endArrow=none;endFill=0;strokeColor=#1F6286;fontSize=10;fontColor=#FFFFFF;" parent="1" source="Cq76QrIc5dfTi0YlTipQ-107" target="Cq76QrIc5dfTi0YlTipQ-100" edge="1">
          <mxGeometry relative="1" as="geometry" />
        </mxCell>
        <UserObject label="&lt;font face=&quot;sans-serif&quot;&gt;Hypergeometric&lt;/font&gt;" link="https://en.wikipedia.org/wiki/Hypergeometric_distribution" id="Cq76QrIc5dfTi0YlTipQ-107">
          <mxCell style="rounded=1;whiteSpace=nowrap;html=1;fontSize=11;fillColor=#878787;textDirection=ltr;fontColor=#FFFFFF;labelBackgroundColor=none;endFill=0;endArrow=none;shadow=1;" parent="1" vertex="1">
            <mxGeometry x="708.5" y="306.5" width="120" height="20" as="geometry" />
          </mxCell>
        </UserObject>
        <mxCell id="Cq76QrIc5dfTi0YlTipQ-282" style="edgeStyle=orthogonalEdgeStyle;curved=1;orthogonalLoop=1;jettySize=auto;html=1;exitX=0;exitY=0.5;exitDx=0;exitDy=0;entryX=1;entryY=0.5;entryDx=0;entryDy=0;dashed=1;dashPattern=1 2;endArrow=none;endFill=0;strokeColor=#1F6286;fontSize=10;fontColor=#FFFFFF;" parent="1" source="Cq76QrIc5dfTi0YlTipQ-108" target="Cq76QrIc5dfTi0YlTipQ-100" edge="1">
          <mxGeometry relative="1" as="geometry" />
        </mxCell>
        <UserObject label="&lt;font face=&quot;sans-serif&quot;&gt;Poisson&lt;/font&gt;" link="https://en.wikipedia.org/wiki/Poisson_distribution" id="Cq76QrIc5dfTi0YlTipQ-108">
          <mxCell style="rounded=1;whiteSpace=nowrap;html=1;fontSize=11;fillColor=#878787;textDirection=ltr;fontColor=#FFFFFF;labelBackgroundColor=none;endFill=0;endArrow=none;shadow=1;" parent="1" vertex="1">
            <mxGeometry x="708.5" y="331.5" width="120" height="20" as="geometry" />
          </mxCell>
        </UserObject>
        <UserObject label="&lt;font face=&quot;sans-serif&quot;&gt;&lt;a href=&quot;https://en.wikipedia.org/wiki/Expected_value&quot;&gt;&lt;font color=&quot;#ffffff&quot;&gt;Expectation&lt;/font&gt;&lt;/a&gt;&lt;font&gt; and &lt;/font&gt;&lt;a href=&quot;https://en.wikipedia.org/wiki/Mean&quot;&gt;&lt;font color=&quot;#ffffff&quot;&gt;mean&lt;/font&gt;&lt;/a&gt;&lt;/font&gt;" id="Cq76QrIc5dfTi0YlTipQ-109">
          <mxCell style="rounded=1;whiteSpace=nowrap;html=1;fontSize=11;fillColor=#878787;labelBackgroundColor=none;textDirection=ltr;fontColor=#FFFFFF;endFill=0;endArrow=none;shadow=1;" parent="1" vertex="1">
            <mxGeometry x="644" y="405" width="184" height="20" as="geometry" />
          </mxCell>
        </UserObject>
        <UserObject label="Important Laws" id="Cq76QrIc5dfTi0YlTipQ-116">
          <mxCell style="rounded=1;whiteSpace=nowrap;html=1;fontColor=#FFFFFF;fillColor=#1F6286;textDirection=ltr;" parent="1" vertex="1">
            <mxGeometry x="389" y="500" width="170" height="30" as="geometry" />
          </mxCell>
        </UserObject>
        <mxCell id="Cq76QrIc5dfTi0YlTipQ-284" style="edgeStyle=orthogonalEdgeStyle;curved=1;orthogonalLoop=1;jettySize=auto;html=1;exitX=1;exitY=0.5;exitDx=0;exitDy=0;entryX=0;entryY=0.5;entryDx=0;entryDy=0;dashed=1;dashPattern=1 2;endArrow=none;endFill=0;strokeColor=#1F6286;fontSize=10;fontColor=#FFFFFF;" parent="1" source="Cq76QrIc5dfTi0YlTipQ-117" target="Cq76QrIc5dfTi0YlTipQ-109" edge="1">
          <mxGeometry relative="1" as="geometry" />
        </mxCell>
        <UserObject label="Summary statistics" id="Cq76QrIc5dfTi0YlTipQ-117">
          <mxCell style="rounded=1;whiteSpace=nowrap;html=1;fontColor=#FFFFFF;fillColor=#1F6286;textDirection=ltr;shadow=1;" parent="1" vertex="1">
            <mxGeometry x="389" y="450" width="170" height="30" as="geometry" />
          </mxCell>
        </UserObject>
        <mxCell id="Cq76QrIc5dfTi0YlTipQ-172" style="edgeStyle=orthogonalEdgeStyle;curved=1;orthogonalLoop=1;jettySize=auto;html=1;exitX=0;exitY=0.5;exitDx=0;exitDy=0;entryX=1;entryY=0.5;entryDx=0;entryDy=0;dashed=1;dashPattern=1 2;endArrow=none;endFill=0;strokeColor=#1F6286;fontSize=10;fontColor=#FFFFFF;textDirection=ltr;" parent="1" source="Cq76QrIc5dfTi0YlTipQ-118" target="Cq76QrIc5dfTi0YlTipQ-170" edge="1">
          <mxGeometry relative="1" as="geometry">
            <Array as="points">
              <mxPoint x="364" y="571" />
              <mxPoint x="364" y="670" />
            </Array>
          </mxGeometry>
        </mxCell>
        <mxCell id="Cq76QrIc5dfTi0YlTipQ-173" style="edgeStyle=orthogonalEdgeStyle;curved=1;orthogonalLoop=1;jettySize=auto;html=1;exitX=0;exitY=0.5;exitDx=0;exitDy=0;entryX=1;entryY=0.5;entryDx=0;entryDy=0;dashed=1;dashPattern=1 2;endArrow=none;endFill=0;strokeColor=#1F6286;fontSize=10;fontColor=#FFFFFF;textDirection=ltr;" parent="1" source="Cq76QrIc5dfTi0YlTipQ-118" target="Cq76QrIc5dfTi0YlTipQ-171" edge="1">
          <mxGeometry relative="1" as="geometry">
            <Array as="points">
              <mxPoint x="364" y="571" />
              <mxPoint x="364" y="700" />
            </Array>
          </mxGeometry>
        </mxCell>
        <UserObject label="Estimation" link="https://en.wikipedia.org/wiki/Estimation_theory" id="Cq76QrIc5dfTi0YlTipQ-118">
          <mxCell style="rounded=1;whiteSpace=nowrap;html=1;fontColor=#FFFFFF;fillColor=#1F6286;textDirection=ltr;shadow=1;" parent="1" vertex="1">
            <mxGeometry x="389" y="550" width="170" height="30" as="geometry" />
          </mxCell>
        </UserObject>
        <mxCell id="Cq76QrIc5dfTi0YlTipQ-180" style="edgeStyle=orthogonalEdgeStyle;curved=1;orthogonalLoop=1;jettySize=auto;html=1;exitX=1;exitY=0.5;exitDx=0;exitDy=0;entryX=0;entryY=0.5;entryDx=0;entryDy=0;dashed=1;dashPattern=1 2;endArrow=none;endFill=0;strokeColor=#1F6286;fontSize=10;fontColor=#FFFFFF;textDirection=ltr;" parent="1" source="Cq76QrIc5dfTi0YlTipQ-119" target="Cq76QrIc5dfTi0YlTipQ-176" edge="1">
          <mxGeometry relative="1" as="geometry" />
        </mxCell>
        <UserObject label="Hypothesis Testing" link="https://en.wikipedia.org/wiki/Statistical_hypothesis_testing" id="Cq76QrIc5dfTi0YlTipQ-119">
          <mxCell style="rounded=1;whiteSpace=nowrap;html=1;fontColor=#FFFFFF;fillColor=#1F6286;textDirection=ltr;shadow=1;" parent="1" vertex="1">
            <mxGeometry x="389" y="600" width="170" height="30" as="geometry" />
          </mxCell>
        </UserObject>
        <UserObject label="Confidence Interval (CI)&lt;span style=&quot;font-family: &amp;#34;helvetica&amp;#34; , &amp;#34;arial&amp;#34; , sans-serif ; font-size: 0px ; white-space: nowrap&quot;&gt;%3CmxGraphModel%3E%3Croot%3E%3CmxCell%20id%3D%220%22%2F%3E%3CmxCell%20id%3D%221%22%20parent%3D%220%22%2F%3E%3CUserObject%20label%3D%22Important%20Laws%22%20id%3D%222%22%3E%3CmxCell%20style%3D%22rounded%3D1%3BwhiteSpace%3Dwrap%3Bhtml%3D1%3B%22%20vertex%3D%221%22%20parent%3D%221%22%3E%3CmxGeometry%20x%3D%22360%22%20y%3D%22740%22%20width%3D%22170%22%20height%3D%2230%22%20as%3D%22geometry%22%2F%3E%3C%2FmxCell%3E%3C%2FUserObject%3E%3C%2Froot%3E%3C%2FmxGraphModel%3E&lt;/span&gt;" link="https://en.wikipedia.org/wiki/Confidence_interval" id="Cq76QrIc5dfTi0YlTipQ-120">
          <mxCell style="rounded=1;whiteSpace=nowrap;html=1;fontColor=#FFFFFF;fillColor=#1F6286;textDirection=ltr;shadow=1;" parent="1" vertex="1">
            <mxGeometry x="389" y="650" width="170" height="30" as="geometry" />
          </mxCell>
        </UserObject>
        <UserObject label="Monte Carlo Method" link="https://en.wikipedia.org/wiki/Monte_Carlo_method" id="Cq76QrIc5dfTi0YlTipQ-121">
          <mxCell style="rounded=1;whiteSpace=nowrap;html=1;fontColor=#FFFFFF;fillColor=#1F6286;textDirection=ltr;shadow=1;" parent="1" vertex="1">
            <mxGeometry x="389" y="700" width="170" height="30" as="geometry" />
          </mxCell>
        </UserObject>
        <mxCell id="Cq76QrIc5dfTi0YlTipQ-283" style="edgeStyle=orthogonalEdgeStyle;curved=1;orthogonalLoop=1;jettySize=auto;html=1;exitX=0;exitY=0.5;exitDx=0;exitDy=0;entryX=1;entryY=0.5;entryDx=0;entryDy=0;dashed=1;dashPattern=1 2;endArrow=none;endFill=0;strokeColor=#1F6286;fontSize=10;fontColor=#FFFFFF;" parent="1" source="Cq76QrIc5dfTi0YlTipQ-123" target="Cq76QrIc5dfTi0YlTipQ-100" edge="1">
          <mxGeometry relative="1" as="geometry" />
        </mxCell>
        <UserObject label="&lt;font face=&quot;sans-serif&quot;&gt;Geometric&lt;/font&gt;" link="https://en.wikipedia.org/wiki/Geometric_distribution" id="Cq76QrIc5dfTi0YlTipQ-123">
          <mxCell style="rounded=1;whiteSpace=nowrap;html=1;fontSize=11;fillColor=#878787;textDirection=ltr;fontColor=#FFFFFF;labelBackgroundColor=none;endFill=0;endArrow=none;shadow=1;" parent="1" vertex="1">
            <mxGeometry x="708.5" y="356.5" width="120" height="20" as="geometry" />
          </mxCell>
        </UserObject>
        <mxCell id="Cq76QrIc5dfTi0YlTipQ-285" style="edgeStyle=orthogonalEdgeStyle;curved=1;orthogonalLoop=1;jettySize=auto;html=1;exitX=0;exitY=0.5;exitDx=0;exitDy=0;entryX=1;entryY=0.5;entryDx=0;entryDy=0;dashed=1;dashPattern=1 2;endArrow=none;endFill=0;strokeColor=#1F6286;fontSize=10;fontColor=#FFFFFF;" parent="1" source="Cq76QrIc5dfTi0YlTipQ-124" target="Cq76QrIc5dfTi0YlTipQ-117" edge="1">
          <mxGeometry relative="1" as="geometry" />
        </mxCell>
        <UserObject label="&lt;font face=&quot;sans-serif&quot;&gt;&lt;font color=&quot;#ffffff&quot;&gt;&lt;a href=&quot;https://en.wikipedia.org/wiki/Variance&quot;&gt;&lt;font color=&quot;#ffffff&quot;&gt;Variance&lt;/font&gt;&lt;/a&gt; &lt;/font&gt;and &lt;a href=&quot;https://en.wikipedia.org/wiki/Standard_deviation&quot;&gt;&lt;font color=&quot;#ffffff&quot;&gt;standard deviation (sd)&lt;/font&gt;&lt;/a&gt;&lt;/font&gt;" id="Cq76QrIc5dfTi0YlTipQ-124">
          <mxCell style="rounded=1;whiteSpace=nowrap;html=1;fontSize=11;fillColor=#878787;labelBackgroundColor=none;textDirection=ltr;fontColor=#FFFFFF;endFill=0;endArrow=none;shadow=1;" parent="1" vertex="1">
            <mxGeometry x="644" y="430" width="184" height="20" as="geometry" />
          </mxCell>
        </UserObject>
        <mxCell id="Cq76QrIc5dfTi0YlTipQ-286" style="edgeStyle=orthogonalEdgeStyle;curved=1;orthogonalLoop=1;jettySize=auto;html=1;exitX=0;exitY=0.5;exitDx=0;exitDy=0;entryX=1;entryY=0.5;entryDx=0;entryDy=0;dashed=1;dashPattern=1 2;endArrow=none;endFill=0;strokeColor=#1F6286;fontSize=10;fontColor=#FFFFFF;" parent="1" source="Cq76QrIc5dfTi0YlTipQ-125" target="Cq76QrIc5dfTi0YlTipQ-117" edge="1">
          <mxGeometry relative="1" as="geometry" />
        </mxCell>
        <UserObject label="&lt;font face=&quot;sans-serif&quot;&gt;&lt;a href=&quot;https://en.wikipedia.org/wiki/Covariance&quot;&gt;&lt;font color=&quot;#ffffff&quot;&gt;Covariance&lt;/font&gt;&lt;/a&gt;&lt;font&gt; and &lt;/font&gt;&lt;a href=&quot;https://en.wikipedia.org/wiki/Correlation_and_dependence&quot;&gt;&lt;font color=&quot;#ffffff&quot;&gt;correlation&lt;/font&gt;&lt;/a&gt;&lt;/font&gt;" id="Cq76QrIc5dfTi0YlTipQ-125">
          <mxCell style="rounded=1;whiteSpace=nowrap;html=1;fontSize=11;fillColor=#878787;labelBackgroundColor=none;textDirection=ltr;fontColor=#FFFFFF;endFill=0;endArrow=none;shadow=1;" parent="1" vertex="1">
            <mxGeometry x="644" y="455" width="185" height="20" as="geometry" />
          </mxCell>
        </UserObject>
        <mxCell id="Cq76QrIc5dfTi0YlTipQ-287" style="edgeStyle=orthogonalEdgeStyle;curved=1;orthogonalLoop=1;jettySize=auto;html=1;exitX=0;exitY=0.5;exitDx=0;exitDy=0;entryX=1;entryY=0.5;entryDx=0;entryDy=0;dashed=1;dashPattern=1 2;endArrow=none;endFill=0;strokeColor=#1F6286;fontSize=10;fontColor=#FFFFFF;" parent="1" source="Cq76QrIc5dfTi0YlTipQ-126" target="Cq76QrIc5dfTi0YlTipQ-117" edge="1">
          <mxGeometry relative="1" as="geometry" />
        </mxCell>
        <UserObject label="&lt;font face=&quot;sans-serif&quot;&gt;&lt;a href=&quot;https://en.wikipedia.org/wiki/Median&quot;&gt;&lt;font color=&quot;#ffffff&quot;&gt;Median&lt;/font&gt;&lt;/a&gt;&lt;font&gt;, &lt;/font&gt;&lt;a href=&quot;https://en.wikipedia.org/wiki/Quartile&quot;&gt;&lt;font color=&quot;#ffffff&quot;&gt;quartile&lt;/font&gt;&lt;/a&gt;&lt;/font&gt;" id="Cq76QrIc5dfTi0YlTipQ-126">
          <mxCell style="rounded=1;whiteSpace=nowrap;html=1;fontSize=11;fillColor=#878787;labelBackgroundColor=none;textDirection=ltr;fontColor=#FFFFFF;endFill=0;endArrow=none;shadow=1;" parent="1" vertex="1">
            <mxGeometry x="644" y="480" width="185" height="20" as="geometry" />
          </mxCell>
        </UserObject>
        <mxCell id="Cq76QrIc5dfTi0YlTipQ-288" style="edgeStyle=orthogonalEdgeStyle;curved=1;orthogonalLoop=1;jettySize=auto;html=1;exitX=0;exitY=0.5;exitDx=0;exitDy=0;entryX=1;entryY=0.5;entryDx=0;entryDy=0;dashed=1;dashPattern=1 2;endArrow=none;endFill=0;strokeColor=#1F6286;fontSize=10;fontColor=#FFFFFF;" parent="1" source="Cq76QrIc5dfTi0YlTipQ-127" target="Cq76QrIc5dfTi0YlTipQ-117" edge="1">
          <mxGeometry relative="1" as="geometry" />
        </mxCell>
        <UserObject label="&lt;font face=&quot;sans-serif&quot;&gt;&lt;span style=&quot;&quot;&gt;Interquartile range&lt;/span&gt;&lt;/font&gt;" link="https://en.wikipedia.org/wiki/Interquartile_range" id="Cq76QrIc5dfTi0YlTipQ-127">
          <mxCell style="rounded=1;whiteSpace=nowrap;html=1;fontSize=11;fillColor=#878787;labelBackgroundColor=none;textDirection=ltr;fontColor=#FFFFFF;endFill=0;endArrow=none;shadow=1;" parent="1" vertex="1">
            <mxGeometry x="644" y="505" width="184" height="20" as="geometry" />
          </mxCell>
        </UserObject>
        <mxCell id="Cq76QrIc5dfTi0YlTipQ-289" style="edgeStyle=orthogonalEdgeStyle;curved=1;orthogonalLoop=1;jettySize=auto;html=1;exitX=0;exitY=0.5;exitDx=0;exitDy=0;entryX=1;entryY=0.5;entryDx=0;entryDy=0;dashed=1;dashPattern=1 2;endArrow=none;endFill=0;strokeColor=#1F6286;fontSize=10;fontColor=#FFFFFF;" parent="1" source="Cq76QrIc5dfTi0YlTipQ-128" target="Cq76QrIc5dfTi0YlTipQ-117" edge="1">
          <mxGeometry relative="1" as="geometry" />
        </mxCell>
        <UserObject label="&lt;font face=&quot;sans-serif&quot;&gt;&lt;a href=&quot;https://en.wikipedia.org/wiki/Percentile&quot;&gt;&lt;font color=&quot;#ffffff&quot;&gt;Percentile&lt;/font&gt;&lt;/a&gt;&lt;font&gt; / &lt;/font&gt;&lt;a href=&quot;https://en.wikipedia.org/wiki/Quantile&quot;&gt;&lt;font color=&quot;#ffffff&quot;&gt;quantile&lt;/font&gt;&lt;/a&gt;&lt;/font&gt;" id="Cq76QrIc5dfTi0YlTipQ-128">
          <mxCell style="rounded=1;whiteSpace=nowrap;html=1;fontSize=11;fillColor=#878787;labelBackgroundColor=none;textDirection=ltr;fontColor=#FFFFFF;endFill=0;endArrow=none;shadow=1;" parent="1" vertex="1">
            <mxGeometry x="644" y="530" width="184" height="20" as="geometry" />
          </mxCell>
        </UserObject>
        <mxCell id="Cq76QrIc5dfTi0YlTipQ-290" style="edgeStyle=orthogonalEdgeStyle;curved=1;orthogonalLoop=1;jettySize=auto;html=1;exitX=0;exitY=0.5;exitDx=0;exitDy=0;entryX=1;entryY=0.5;entryDx=0;entryDy=0;dashed=1;dashPattern=1 2;endArrow=none;endFill=0;strokeColor=#1F6286;fontSize=10;fontColor=#FFFFFF;" parent="1" source="Cq76QrIc5dfTi0YlTipQ-129" target="Cq76QrIc5dfTi0YlTipQ-117" edge="1">
          <mxGeometry relative="1" as="geometry" />
        </mxCell>
        <UserObject label="&lt;font face=&quot;sans-serif&quot;&gt;&lt;span style=&quot;&quot;&gt;Mode&lt;/span&gt;&lt;/font&gt;" link="https://en.wikipedia.org/wiki/Mode_(statistics)" id="Cq76QrIc5dfTi0YlTipQ-129">
          <mxCell style="rounded=1;whiteSpace=nowrap;html=1;fontSize=11;fillColor=#878787;labelBackgroundColor=none;textDirection=ltr;fontColor=#FFFFFF;endFill=0;endArrow=none;shadow=1;" parent="1" vertex="1">
            <mxGeometry x="644" y="555" width="184" height="20" as="geometry" />
          </mxCell>
        </UserObject>
        <mxCell id="Cq76QrIc5dfTi0YlTipQ-168" style="edgeStyle=orthogonalEdgeStyle;curved=1;orthogonalLoop=1;jettySize=auto;html=1;exitX=1;exitY=0.5;exitDx=0;exitDy=0;entryX=0;entryY=0.5;entryDx=0;entryDy=0;dashed=1;dashPattern=1 2;endArrow=none;endFill=0;strokeColor=#1F6286;fontSize=10;fontColor=#FFFFFF;textDirection=ltr;" parent="1" source="Cq76QrIc5dfTi0YlTipQ-166" target="Cq76QrIc5dfTi0YlTipQ-116" edge="1">
          <mxGeometry relative="1" as="geometry" />
        </mxCell>
        <UserObject label="&lt;span style=&quot;font-size: 10px&quot;&gt;Law of large numbers (LLN)&lt;/span&gt;" link="https://en.wikipedia.org/wiki/Law_of_large_numbers" id="Cq76QrIc5dfTi0YlTipQ-166">
          <mxCell style="rounded=1;whiteSpace=nowrap;html=1;fontSize=11;fillColor=#878787;textDirection=ltr;fontColor=#FFFFFF;labelBackgroundColor=none;endFill=0;endArrow=none;shadow=1;" parent="1" vertex="1">
            <mxGeometry x="177" y="565" width="140" height="20" as="geometry" />
          </mxCell>
        </UserObject>
        <mxCell id="Cq76QrIc5dfTi0YlTipQ-169" style="edgeStyle=orthogonalEdgeStyle;curved=1;orthogonalLoop=1;jettySize=auto;html=1;exitX=1;exitY=0.5;exitDx=0;exitDy=0;entryX=0;entryY=0.5;entryDx=0;entryDy=0;dashed=1;dashPattern=1 2;endArrow=none;endFill=0;strokeColor=#1F6286;fontSize=10;fontColor=#FFFFFF;textDirection=ltr;" parent="1" source="Cq76QrIc5dfTi0YlTipQ-167" target="Cq76QrIc5dfTi0YlTipQ-116" edge="1">
          <mxGeometry relative="1" as="geometry" />
        </mxCell>
        <UserObject label="&lt;span style=&quot;font-size: 10px&quot;&gt;Central limit theorem (CLT)&lt;/span&gt;" link="https://en.wikipedia.org/wiki/Central_limit_theorem" id="Cq76QrIc5dfTi0YlTipQ-167">
          <mxCell style="rounded=1;whiteSpace=nowrap;html=1;fontSize=11;fillColor=#878787;textDirection=ltr;fontColor=#FFFFFF;labelBackgroundColor=none;endFill=0;endArrow=none;shadow=1;" parent="1" vertex="1">
            <mxGeometry x="177" y="595" width="140" height="20" as="geometry" />
          </mxCell>
        </UserObject>
        <UserObject label="&lt;span style=&quot;font-size: 10px&quot;&gt;Maximum Likelihood Estimation (MLE)&lt;/span&gt;" link="https://en.wikipedia.org/wiki/Maximum_likelihood_estimation" id="Cq76QrIc5dfTi0YlTipQ-170">
          <mxCell style="rounded=1;whiteSpace=nowrap;html=1;fontSize=11;fillColor=#878787;textDirection=ltr;fontColor=#FFFFFF;labelBackgroundColor=none;endFill=0;endArrow=none;shadow=1;" parent="1" vertex="1">
            <mxGeometry x="132" y="660" width="185" height="20" as="geometry" />
          </mxCell>
        </UserObject>
        <UserObject label="&lt;span style=&quot;font-size: 10px&quot;&gt;Kernel Density Estimation (KDE)&lt;/span&gt;" link="https://en.wikipedia.org/wiki/Kernel_density_estimation" id="Cq76QrIc5dfTi0YlTipQ-171">
          <mxCell style="rounded=1;whiteSpace=nowrap;html=1;fontSize=11;fillColor=#878787;textDirection=ltr;fontColor=#FFFFFF;labelBackgroundColor=none;endFill=0;endArrow=none;shadow=1;" parent="1" vertex="1">
            <mxGeometry x="132" y="690" width="185" height="20" as="geometry" />
          </mxCell>
        </UserObject>
        <UserObject label="&lt;font face=&quot;sans-serif&quot;&gt;&lt;span style=&quot;&quot;&gt;p-Value&lt;/span&gt;&lt;/font&gt;" link="https://en.wikipedia.org/wiki/P-value" id="Cq76QrIc5dfTi0YlTipQ-176">
          <mxCell style="rounded=1;whiteSpace=nowrap;html=1;fontSize=11;fillColor=#878787;labelBackgroundColor=none;fontColor=#FFFFFF;textDirection=ltr;endFill=0;endArrow=none;shadow=1;" parent="1" vertex="1">
            <mxGeometry x="658.5" y="605" width="170" height="20" as="geometry" />
          </mxCell>
        </UserObject>
        <mxCell id="Cq76QrIc5dfTi0YlTipQ-181" style="edgeStyle=orthogonalEdgeStyle;curved=1;orthogonalLoop=1;jettySize=auto;html=1;exitX=0;exitY=0.5;exitDx=0;exitDy=0;entryX=1;entryY=0.5;entryDx=0;entryDy=0;dashed=1;dashPattern=1 2;endArrow=none;endFill=0;strokeColor=#1F6286;fontSize=10;fontColor=#FFFFFF;textDirection=ltr;" parent="1" source="Cq76QrIc5dfTi0YlTipQ-177" target="Cq76QrIc5dfTi0YlTipQ-119" edge="1">
          <mxGeometry relative="1" as="geometry" />
        </mxCell>
        <UserObject label="&lt;font face=&quot;sans-serif&quot;&gt;&lt;span style=&quot;&quot;&gt;Chi&lt;sup&gt;2 &lt;/sup&gt;test&lt;/span&gt;&lt;/font&gt;" link="https://en.wikipedia.org/wiki/Chi-squared_test" id="Cq76QrIc5dfTi0YlTipQ-177">
          <mxCell style="rounded=1;whiteSpace=nowrap;html=1;fontSize=11;fillColor=#878787;labelBackgroundColor=none;fontColor=#FFFFFF;textDirection=ltr;endFill=0;endArrow=none;shadow=1;" parent="1" vertex="1">
            <mxGeometry x="658.5" y="630" width="170" height="20" as="geometry" />
          </mxCell>
        </UserObject>
        <mxCell id="Cq76QrIc5dfTi0YlTipQ-182" style="edgeStyle=orthogonalEdgeStyle;curved=1;orthogonalLoop=1;jettySize=auto;html=1;exitX=0;exitY=0.5;exitDx=0;exitDy=0;entryX=1;entryY=0.5;entryDx=0;entryDy=0;dashed=1;dashPattern=1 2;endArrow=none;endFill=0;strokeColor=#1F6286;fontSize=10;fontColor=#FFFFFF;textDirection=ltr;" parent="1" source="Cq76QrIc5dfTi0YlTipQ-178" target="Cq76QrIc5dfTi0YlTipQ-119" edge="1">
          <mxGeometry relative="1" as="geometry" />
        </mxCell>
        <UserObject label="&lt;font face=&quot;sans-serif&quot;&gt;&lt;span style=&quot;&quot;&gt;F-test&lt;/span&gt;&lt;/font&gt;" link="https://en.wikipedia.org/wiki/F-test" id="Cq76QrIc5dfTi0YlTipQ-178">
          <mxCell style="rounded=1;whiteSpace=nowrap;html=1;fontSize=11;fillColor=#878787;labelBackgroundColor=none;fontColor=#FFFFFF;textDirection=ltr;endFill=0;endArrow=none;shadow=1;" parent="1" vertex="1">
            <mxGeometry x="658.5" y="655" width="170" height="20" as="geometry" />
          </mxCell>
        </UserObject>
        <mxCell id="Cq76QrIc5dfTi0YlTipQ-183" style="edgeStyle=orthogonalEdgeStyle;curved=1;orthogonalLoop=1;jettySize=auto;html=1;exitX=0;exitY=0.5;exitDx=0;exitDy=0;entryX=1;entryY=0.5;entryDx=0;entryDy=0;dashed=1;dashPattern=1 2;endArrow=none;endFill=0;strokeColor=#1F6286;fontSize=10;fontColor=#FFFFFF;textDirection=ltr;" parent="1" source="Cq76QrIc5dfTi0YlTipQ-179" target="Cq76QrIc5dfTi0YlTipQ-119" edge="1">
          <mxGeometry relative="1" as="geometry" />
        </mxCell>
        <UserObject label="&lt;font face=&quot;sans-serif&quot;&gt;&lt;span style=&quot;&quot;&gt;t-test&lt;/span&gt;&lt;/font&gt;" link="https://en.wikipedia.org/wiki/Student%27s_t-test#Independent_two-sample_t-test" id="Cq76QrIc5dfTi0YlTipQ-179">
          <mxCell style="rounded=1;whiteSpace=nowrap;html=1;fontSize=11;fillColor=#878787;labelBackgroundColor=none;fontColor=#FFFFFF;textDirection=ltr;endFill=0;endArrow=none;shadow=1;" parent="1" vertex="1">
            <mxGeometry x="659" y="680" width="170" height="20" as="geometry" />
          </mxCell>
        </UserObject>
        <mxCell id="Cq76QrIc5dfTi0YlTipQ-228" value="&lt;font color=&quot;#000000&quot; style=&quot;font-size: 16px;&quot;&gt;Statistics&lt;/font&gt;" style="text;html=1;strokeColor=none;fillColor=none;align=center;verticalAlign=middle;whiteSpace=nowrap;rounded=0;labelBackgroundColor=none;fontSize=16;fontColor=#FFFFFF;fontStyle=1" parent="1" vertex="1">
          <mxGeometry x="469.5" y="273.5" width="110" height="20" as="geometry" />
        </mxCell>
        <UserObject label="Chart Suggestions thought starter" link="https://extremepresentation.typepad.com/files/choosing-a-good-chart-09.pdf" id="Cq76QrIc5dfTi0YlTipQ-230">
          <mxCell style="rounded=1;html=1;fontColor=#FFFFFF;fillColor=#1F6286;textDirection=ltr;whiteSpace=wrap;shadow=1;" parent="1" vertex="1">
            <mxGeometry x="275" y="840" width="170" height="30" as="geometry" />
          </mxCell>
        </UserObject>
        <mxCell id="Cq76QrIc5dfTi0YlTipQ-250" style="edgeStyle=orthogonalEdgeStyle;curved=1;orthogonalLoop=1;jettySize=auto;html=1;exitX=1;exitY=0.5;exitDx=0;exitDy=0;entryX=0;entryY=0.5;entryDx=0;entryDy=0;endArrow=none;endFill=0;strokeColor=#1F6286;fontSize=10;fontColor=#FFFFFF;dashed=1;dashPattern=1 2;" parent="1" source="Cq76QrIc5dfTi0YlTipQ-233" target="Cq76QrIc5dfTi0YlTipQ-244" edge="1">
          <mxGeometry relative="1" as="geometry" />
        </mxCell>
        <mxCell id="Cq76QrIc5dfTi0YlTipQ-251" style="edgeStyle=orthogonalEdgeStyle;curved=1;orthogonalLoop=1;jettySize=auto;html=1;entryX=0;entryY=0.5;entryDx=0;entryDy=0;dashed=1;dashPattern=1 2;endArrow=none;endFill=0;strokeColor=#1F6286;fontSize=10;fontColor=#FFFFFF;exitX=1;exitY=0.5;exitDx=0;exitDy=0;" parent="1" source="Cq76QrIc5dfTi0YlTipQ-233" target="Cq76QrIc5dfTi0YlTipQ-245" edge="1">
          <mxGeometry relative="1" as="geometry">
            <mxPoint x="457" y="896" as="sourcePoint" />
          </mxGeometry>
        </mxCell>
        <UserObject label="Python" id="Cq76QrIc5dfTi0YlTipQ-233">
          <mxCell style="rounded=1;whiteSpace=nowrap;html=1;fontColor=#FFFFFF;fillColor=#1F6286;textDirection=ltr;" parent="1" vertex="1">
            <mxGeometry x="275" y="881" width="170" height="30" as="geometry" />
          </mxCell>
        </UserObject>
        <UserObject label="&lt;font face=&quot;sans-serif&quot;&gt;Matplotlib&lt;/font&gt;" link="https://matplotlib.org/" id="Cq76QrIc5dfTi0YlTipQ-244">
          <mxCell style="rounded=1;whiteSpace=nowrap;html=1;fontSize=11;fillColor=#878787;textDirection=ltr;fontColor=#FFFFFF;labelBackgroundColor=none;endFill=0;endArrow=none;shadow=1;" parent="1" vertex="1">
            <mxGeometry x="487" y="800" width="140" height="20" as="geometry" />
          </mxCell>
        </UserObject>
        <UserObject label="&lt;font face=&quot;sans-serif&quot;&gt;plotnine (like ggplot in R)&lt;/font&gt;" link="https://medium.com/@gscheithauer/data-visualization-in-python-like-in-rs-ggplot2-bc62f8debbf5" id="Cq76QrIc5dfTi0YlTipQ-245">
          <mxCell style="rounded=1;whiteSpace=nowrap;html=1;fontSize=11;fillColor=#878787;textDirection=ltr;fontColor=#FFFFFF;labelBackgroundColor=none;endFill=0;endArrow=none;shadow=1;" parent="1" vertex="1">
            <mxGeometry x="487" y="826" width="140" height="20" as="geometry" />
          </mxCell>
        </UserObject>
        <mxCell id="Cq76QrIc5dfTi0YlTipQ-252" style="edgeStyle=orthogonalEdgeStyle;curved=1;orthogonalLoop=1;jettySize=auto;html=1;exitX=0;exitY=0.5;exitDx=0;exitDy=0;dashed=1;dashPattern=1 2;endArrow=none;endFill=0;strokeColor=#1F6286;fontSize=10;fontColor=#FFFFFF;entryX=1;entryY=0.5;entryDx=0;entryDy=0;" parent="1" source="Cq76QrIc5dfTi0YlTipQ-246" target="i9OERWlP8GrdBMv_NWYt-13" edge="1">
          <mxGeometry relative="1" as="geometry">
            <mxPoint x="422" y="891" as="targetPoint" />
          </mxGeometry>
        </mxCell>
        <UserObject label="&lt;font face=&quot;sans-serif&quot;&gt;Vega-Lite&lt;/font&gt;" link="https://vega.github.io/vega-lite/" id="Cq76QrIc5dfTi0YlTipQ-246">
          <mxCell style="rounded=1;whiteSpace=nowrap;html=1;fontSize=11;fillColor=#878787;textDirection=ltr;fontColor=#FFFFFF;labelBackgroundColor=none;endFill=0;endArrow=none;shadow=1;" parent="1" vertex="1">
            <mxGeometry x="487" y="940" width="140" height="20" as="geometry" />
          </mxCell>
        </UserObject>
        <mxCell id="Cq76QrIc5dfTi0YlTipQ-253" style="edgeStyle=orthogonalEdgeStyle;curved=1;orthogonalLoop=1;jettySize=auto;html=1;exitX=0;exitY=0.5;exitDx=0;exitDy=0;entryX=1;entryY=0.5;entryDx=0;entryDy=0;dashed=1;dashPattern=1 2;endArrow=none;endFill=0;strokeColor=#1F6286;fontSize=10;fontColor=#FFFFFF;" parent="1" source="Cq76QrIc5dfTi0YlTipQ-247" target="i9OERWlP8GrdBMv_NWYt-13" edge="1">
          <mxGeometry relative="1" as="geometry" />
        </mxCell>
        <UserObject label="&lt;font face=&quot;sans-serif&quot;&gt;D3.js&lt;/font&gt;" link="https://d3js.org/" id="Cq76QrIc5dfTi0YlTipQ-247">
          <mxCell style="rounded=1;whiteSpace=nowrap;html=1;fontSize=11;fillColor=#878787;textDirection=ltr;fontColor=#FFFFFF;labelBackgroundColor=none;endFill=0;endArrow=none;shadow=1;" parent="1" vertex="1">
            <mxGeometry x="487" y="970" width="140" height="20" as="geometry" />
          </mxCell>
        </UserObject>
        <mxCell id="Cq76QrIc5dfTi0YlTipQ-254" style="edgeStyle=orthogonalEdgeStyle;curved=1;orthogonalLoop=1;jettySize=auto;html=1;exitX=0;exitY=0.5;exitDx=0;exitDy=0;entryX=1;entryY=0.5;entryDx=0;entryDy=0;dashed=1;dashPattern=1 2;endArrow=none;endFill=0;strokeColor=#1F6286;fontSize=10;fontColor=#FFFFFF;" parent="1" source="Cq76QrIc5dfTi0YlTipQ-248" target="i9OERWlP8GrdBMv_NWYt-15" edge="1">
          <mxGeometry relative="1" as="geometry" />
        </mxCell>
        <UserObject label="&lt;font face=&quot;sans-serif&quot;&gt;Tableau&lt;/font&gt;" link="https://www.tableau.com/" id="Cq76QrIc5dfTi0YlTipQ-248">
          <mxCell style="rounded=1;whiteSpace=nowrap;html=1;fontSize=11;fillColor=#878787;textDirection=ltr;fontColor=#FFFFFF;labelBackgroundColor=none;endFill=0;endArrow=none;shadow=1;" parent="1" vertex="1">
            <mxGeometry x="487" y="1034" width="140" height="20" as="geometry" />
          </mxCell>
        </UserObject>
        <mxCell id="Cq76QrIc5dfTi0YlTipQ-255" style="edgeStyle=orthogonalEdgeStyle;curved=1;orthogonalLoop=1;jettySize=auto;html=1;exitX=0;exitY=0.5;exitDx=0;exitDy=0;entryX=1;entryY=0.5;entryDx=0;entryDy=0;dashed=1;dashPattern=1 2;endArrow=none;endFill=0;strokeColor=#1F6286;fontSize=10;fontColor=#FFFFFF;" parent="1" source="Cq76QrIc5dfTi0YlTipQ-249" target="i9OERWlP8GrdBMv_NWYt-14" edge="1">
          <mxGeometry relative="1" as="geometry" />
        </mxCell>
        <UserObject label="&lt;font face=&quot;sans-serif&quot;&gt;Dash&lt;br&gt;&lt;/font&gt;" link="https://plot.ly/dash/" id="Cq76QrIc5dfTi0YlTipQ-249">
          <mxCell style="rounded=1;whiteSpace=nowrap;html=1;fontSize=11;fillColor=#878787;textDirection=ltr;fontColor=#FFFFFF;labelBackgroundColor=none;endFill=0;endArrow=none;shadow=1;" parent="1" vertex="1">
            <mxGeometry x="487" y="1000" width="140" height="20" as="geometry" />
          </mxCell>
        </UserObject>
        <mxCell id="Cq76QrIc5dfTi0YlTipQ-258" value="&lt;font color=&quot;#000000&quot; style=&quot;font-size: 16px;&quot;&gt;Visualization&lt;/font&gt;" style="text;html=1;strokeColor=none;fillColor=none;align=center;verticalAlign=middle;whiteSpace=nowrap;rounded=0;labelBackgroundColor=none;fontSize=16;fontColor=#FFFFFF;fontStyle=1" parent="1" vertex="1">
          <mxGeometry x="245" y="805" width="110" height="31" as="geometry" />
        </mxCell>
        <mxCell id="Cq76QrIc5dfTi0YlTipQ-320" value="&lt;h1 style=&quot;font-size: 24px&quot;&gt;&lt;font style=&quot;font-size: 24px&quot;&gt;Machine Learning&lt;/font&gt;&lt;/h1&gt;" style="rounded=1;whiteSpace=nowrap;html=1;strokeColor=none;textDirection=ltr;fontSize=24;fontStyle=0;fillColor=none;" parent="1" vertex="1">
          <mxGeometry x="289.5" y="1195" width="180" height="30" as="geometry" />
        </mxCell>
        <mxCell id="Cq76QrIc5dfTi0YlTipQ-322" value="" style="curved=1;endArrow=none;html=1;entryX=0.5;entryY=0;entryDx=0;entryDy=0;dashed=1;strokeColor=#1F6286;endFill=0;exitX=0.5;exitY=1;exitDx=0;exitDy=0;fontSize=24;fontColor=#FFFFFF;" parent="1" source="i9OERWlP8GrdBMv_NWYt-15" target="Cq76QrIc5dfTi0YlTipQ-320" edge="1">
          <mxGeometry width="50" height="50" relative="1" as="geometry">
            <mxPoint x="313.5" y="1040" as="sourcePoint" />
            <mxPoint x="232" y="1126" as="targetPoint" />
            <Array as="points">
              <mxPoint x="360" y="1140" />
            </Array>
          </mxGeometry>
        </mxCell>
        <UserObject label="Web" id="i9OERWlP8GrdBMv_NWYt-13">
          <mxCell style="rounded=1;whiteSpace=nowrap;html=1;fontColor=#FFFFFF;fillColor=#1F6286;textDirection=ltr;" parent="1" vertex="1">
            <mxGeometry x="275" y="920" width="170" height="30" as="geometry" />
          </mxCell>
        </UserObject>
        <UserObject label="Dashboards" id="i9OERWlP8GrdBMv_NWYt-14">
          <mxCell style="rounded=1;whiteSpace=nowrap;html=1;fontColor=#FFFFFF;fillColor=#1F6286;textDirection=ltr;" parent="1" vertex="1">
            <mxGeometry x="275" y="960" width="170" height="30" as="geometry" />
          </mxCell>
        </UserObject>
        <UserObject label="BI" id="i9OERWlP8GrdBMv_NWYt-15">
          <mxCell style="rounded=1;whiteSpace=nowrap;html=1;fontColor=#FFFFFF;fillColor=#1F6286;textDirection=ltr;" parent="1" vertex="1">
            <mxGeometry x="275" y="1000" width="170" height="30" as="geometry" />
          </mxCell>
        </UserObject>
        <UserObject label="&lt;font face=&quot;sans-serif&quot;&gt;PowerBI&lt;/font&gt;" link="https://powerbi.microsoft.com" id="i9OERWlP8GrdBMv_NWYt-16">
          <mxCell style="rounded=1;whiteSpace=nowrap;html=1;fontSize=11;fillColor=#878787;textDirection=ltr;fontColor=#FFFFFF;labelBackgroundColor=none;endFill=0;endArrow=none;shadow=1;" parent="1" vertex="1">
            <mxGeometry x="487" y="1064" width="140" height="20" as="geometry" />
          </mxCell>
        </UserObject>
        <mxCell id="i9OERWlP8GrdBMv_NWYt-18" style="edgeStyle=orthogonalEdgeStyle;curved=1;orthogonalLoop=1;jettySize=auto;html=1;exitX=0;exitY=0.5;exitDx=0;exitDy=0;entryX=1;entryY=0.5;entryDx=0;entryDy=0;dashed=1;dashPattern=1 2;endArrow=none;endFill=0;strokeColor=#1F6286;fontSize=10;fontColor=#FFFFFF;" parent="1" source="i9OERWlP8GrdBMv_NWYt-16" target="i9OERWlP8GrdBMv_NWYt-15" edge="1">
          <mxGeometry relative="1" as="geometry">
            <mxPoint x="492.0000000000002" y="1025" as="sourcePoint" />
            <mxPoint x="450" y="1020" as="targetPoint" />
          </mxGeometry>
        </mxCell>
        <UserObject label="&lt;font face=&quot;sans-serif&quot;&gt;seaborn&lt;/font&gt;" id="i9OERWlP8GrdBMv_NWYt-19">
          <mxCell style="rounded=1;whiteSpace=nowrap;html=1;fontSize=11;fillColor=#878787;textDirection=ltr;fontColor=#FFFFFF;labelBackgroundColor=none;endFill=0;endArrow=none;shadow=0;" parent="1" vertex="1">
            <mxGeometry x="487" y="876" width="140" height="20" as="geometry" />
          </mxCell>
        </UserObject>
        <mxCell id="i9OERWlP8GrdBMv_NWYt-20" style="edgeStyle=orthogonalEdgeStyle;curved=1;orthogonalLoop=1;jettySize=auto;html=1;dashed=1;dashPattern=1 2;endArrow=none;endFill=0;strokeColor=#1F6286;fontSize=10;fontColor=#FFFFFF;exitX=1;exitY=0.5;exitDx=0;exitDy=0;entryX=0;entryY=0.5;entryDx=0;entryDy=0;" parent="1" source="Cq76QrIc5dfTi0YlTipQ-233" target="i9OERWlP8GrdBMv_NWYt-19" edge="1">
          <mxGeometry relative="1" as="geometry">
            <mxPoint x="450" y="901" as="sourcePoint" />
            <mxPoint x="485" y="896" as="targetPoint" />
            <Array as="points">
              <mxPoint x="465" y="896" />
              <mxPoint x="465" y="885" />
              <mxPoint x="487" y="885" />
            </Array>
          </mxGeometry>
        </mxCell>
        <UserObject label="&lt;font face=&quot;sans-serif&quot;&gt;ipyvolume (3D data)&lt;/font&gt;" link="https://github.com/maartenbreddels/ipyvolume" id="i9OERWlP8GrdBMv_NWYt-21">
          <mxCell style="rounded=1;whiteSpace=nowrap;html=1;fontSize=11;fillColor=#878787;textDirection=ltr;fontColor=#FFFFFF;labelBackgroundColor=none;endFill=0;endArrow=none;shadow=1;" parent="1" vertex="1">
            <mxGeometry x="487" y="900" width="140" height="20" as="geometry" />
          </mxCell>
        </UserObject>
        <mxCell id="i9OERWlP8GrdBMv_NWYt-22" style="edgeStyle=orthogonalEdgeStyle;curved=1;orthogonalLoop=1;jettySize=auto;html=1;dashed=1;dashPattern=1 2;endArrow=none;endFill=0;strokeColor=#1F6286;fontSize=10;fontColor=#FFFFFF;entryX=0;entryY=0.5;entryDx=0;entryDy=0;exitX=1;exitY=0.5;exitDx=0;exitDy=0;" parent="1" source="Cq76QrIc5dfTi0YlTipQ-233" target="i9OERWlP8GrdBMv_NWYt-21" edge="1">
          <mxGeometry relative="1" as="geometry">
            <mxPoint x="445" y="896" as="sourcePoint" />
            <mxPoint x="492.0000000000002" y="896" as="targetPoint" />
            <Array as="points">
              <mxPoint x="487" y="896" />
            </Array>
          </mxGeometry>
        </mxCell>
        <UserObject label="&lt;font face=&quot;sans-serif&quot;&gt;streamlit&lt;/font&gt;" link="https://github.com/streamlit/streamlit" id="i9OERWlP8GrdBMv_NWYt-23">
          <mxCell style="rounded=1;whiteSpace=nowrap;html=1;fontSize=11;fillColor=#878787;textDirection=ltr;fontColor=#FFFFFF;labelBackgroundColor=none;endFill=0;endArrow=none;shadow=1;" parent="1" vertex="1">
            <mxGeometry x="70" y="925" width="145" height="20" as="geometry" />
          </mxCell>
        </UserObject>
        <mxCell id="i9OERWlP8GrdBMv_NWYt-25" style="edgeStyle=orthogonalEdgeStyle;curved=1;orthogonalLoop=1;jettySize=auto;html=1;exitX=1;exitY=0.5;exitDx=0;exitDy=0;entryX=0;entryY=0.5;entryDx=0;entryDy=0;endArrow=none;endFill=0;strokeColor=#1F6286;fontSize=10;fontColor=#FFFFFF;dashed=1;dashPattern=1 2;" parent="1" source="i9OERWlP8GrdBMv_NWYt-23" target="Cq76QrIc5dfTi0YlTipQ-233" edge="1">
          <mxGeometry relative="1" as="geometry">
            <mxPoint x="450" y="901" as="sourcePoint" />
            <mxPoint x="492" y="840.0000000000002" as="targetPoint" />
          </mxGeometry>
        </mxCell>
        <mxCell id="i9OERWlP8GrdBMv_NWYt-27" style="edgeStyle=orthogonalEdgeStyle;curved=1;orthogonalLoop=1;jettySize=auto;html=1;exitX=1;exitY=0.5;exitDx=0;exitDy=0;entryX=0;entryY=0.5;entryDx=0;entryDy=0;dashed=1;dashPattern=1 2;endArrow=none;endFill=0;strokeColor=#1F6286;fontSize=10;fontColor=#FFFFFF;" parent="1" source="i9OERWlP8GrdBMv_NWYt-23" target="i9OERWlP8GrdBMv_NWYt-13" edge="1">
          <mxGeometry relative="1" as="geometry">
            <mxPoint x="492" y="1110" as="sourcePoint" />
            <mxPoint x="450" y="1020" as="targetPoint" />
          </mxGeometry>
        </mxCell>
        <mxCell id="i9OERWlP8GrdBMv_NWYt-28" style="edgeStyle=orthogonalEdgeStyle;curved=1;orthogonalLoop=1;jettySize=auto;html=1;exitX=1;exitY=0.5;exitDx=0;exitDy=0;entryX=0;entryY=0.5;entryDx=0;entryDy=0;dashed=1;dashPattern=1 2;endArrow=none;endFill=0;strokeColor=#1F6286;fontSize=10;fontColor=#FFFFFF;" parent="1" source="i9OERWlP8GrdBMv_NWYt-23" target="i9OERWlP8GrdBMv_NWYt-14" edge="1">
          <mxGeometry relative="1" as="geometry">
            <mxPoint x="241" y="935.0000000000002" as="sourcePoint" />
            <mxPoint x="280" y="940.0000000000002" as="targetPoint" />
          </mxGeometry>
        </mxCell>
        <mxCell id="i9OERWlP8GrdBMv_NWYt-29" style="edgeStyle=orthogonalEdgeStyle;curved=1;orthogonalLoop=1;jettySize=auto;html=1;exitX=0.5;exitY=1;exitDx=0;exitDy=0;endArrow=none;endFill=0;strokeColor=#1F6286;fontSize=10;fontColor=#FFFFFF;entryX=0.5;entryY=0;entryDx=0;entryDy=0;" parent="1" source="Cq76QrIc5dfTi0YlTipQ-121" target="Cq76QrIc5dfTi0YlTipQ-230" edge="1">
          <mxGeometry relative="1" as="geometry">
            <mxPoint x="395" y="1120" as="sourcePoint" />
            <mxPoint x="394.22" y="1059.34" as="targetPoint" />
          </mxGeometry>
        </mxCell>
        <UserObject label="&lt;font face=&quot;sans-serif&quot;&gt;Bokeh&lt;/font&gt;" link="https://docs.bokeh.org/en/latest/index.html" id="54BXIMB1HT9zFDCucoSp-4">
          <mxCell style="rounded=1;whiteSpace=nowrap;html=1;fontSize=11;fillColor=#878787;textDirection=ltr;fontColor=#FFFFFF;labelBackgroundColor=none;endFill=0;endArrow=none;shadow=1;" parent="1" vertex="1">
            <mxGeometry x="487" y="851" width="140" height="20" as="geometry" />
          </mxCell>
        </UserObject>
        <mxCell id="Vvn9S6vuDq5gVfwxYzGB-1" style="edgeStyle=orthogonalEdgeStyle;curved=1;orthogonalLoop=1;jettySize=auto;html=1;entryX=0;entryY=0.5;entryDx=0;entryDy=0;dashed=1;dashPattern=1 2;endArrow=none;endFill=0;strokeColor=#1F6286;fontSize=10;fontColor=#FFFFFF;exitX=1;exitY=0.5;exitDx=0;exitDy=0;" parent="1" source="Cq76QrIc5dfTi0YlTipQ-233" target="54BXIMB1HT9zFDCucoSp-4" edge="1">
          <mxGeometry relative="1" as="geometry">
            <mxPoint x="450" y="901" as="sourcePoint" />
            <mxPoint x="492" y="841" as="targetPoint" />
            <Array as="points">
              <mxPoint x="465" y="896" />
              <mxPoint x="465" y="861" />
            </Array>
          </mxGeometry>
        </mxCell>
      </root>
    </mxGraphModel>
  </diagram>
</mxfile>
