<?xml version="1.0" encoding="UTF-8"?>
<mxfile modified="2020-11-29T11:07:19.978Z" host="app.diagrams.net" agent="5.0 (Macintosh; Intel Mac OS X 11_0_1) AppleWebKit/537.36 (KHTML, like Gecko) Chrome/87.0.4280.67 Safari/537.36" etag="-GzPgjs0r40RWaYXxt7Q" compressed="false" version="13.10.4" type="device">
  <diagram id="HEeXjzhvv4987mpRdfDT" name="Page-3">
    <mxGraphModel dx="1033" dy="1072" grid="1" gridSize="5" guides="1" tooltips="1" connect="1" arrows="1" fold="1" page="1" pageScale="1" pageWidth="459" pageHeight="850" math="0" shadow="0">
      <root>
        <mxCell id="jhC989v31fuuEPfAI_ox-0" />
        <mxCell id="jhC989v31fuuEPfAI_ox-1" parent="jhC989v31fuuEPfAI_ox-0" />
        <mxCell id="KsJ2Czu0PXdUfGMdA1Ay-19" style="edgeStyle=orthogonalEdgeStyle;curved=1;orthogonalLoop=1;jettySize=auto;html=1;exitX=0.5;exitY=1;exitDx=0;exitDy=0;entryX=0.5;entryY=0;entryDx=0;entryDy=0;endArrow=none;endFill=0;strokeColor=#1F6286;fontSize=11;fontColor=#000000;" parent="jhC989v31fuuEPfAI_ox-1" source="jhC989v31fuuEPfAI_ox-2" target="jhC989v31fuuEPfAI_ox-5" edge="1">
          <mxGeometry relative="1" as="geometry" />
        </mxCell>
        <mxCell id="jhC989v31fuuEPfAI_ox-2" value="&lt;h1 style=&quot;font-size: 24px&quot;&gt;&lt;font style=&quot;font-size: 24px&quot;&gt;Deep Learning&lt;/font&gt;&lt;/h1&gt;" style="rounded=1;whiteSpace=nowrap;html=1;strokeColor=none;textDirection=ltr;fontSize=24;fontStyle=0;fillColor=none;" parent="jhC989v31fuuEPfAI_ox-1" vertex="1">
          <mxGeometry x="156" y="100.5" width="221" height="45" as="geometry" />
        </mxCell>
        <mxCell id="jhC989v31fuuEPfAI_ox-3" value="" style="curved=1;endArrow=none;html=1;entryX=0.5;entryY=0;entryDx=0;entryDy=0;dashed=1;fillColor=#dae8fc;strokeColor=#1F6286;endFill=0;" parent="jhC989v31fuuEPfAI_ox-1" target="jhC989v31fuuEPfAI_ox-2" edge="1">
          <mxGeometry width="50" height="50" relative="1" as="geometry">
            <mxPoint x="256" as="sourcePoint" />
            <mxPoint x="186" y="40" as="targetPoint" />
            <Array as="points">
              <mxPoint x="296" y="20" />
              <mxPoint x="236" y="70" />
            </Array>
          </mxGeometry>
        </mxCell>
        <UserObject label="Deep Learning Papers Reading Roadmap" link="https://github.com/floodsung/Deep-Learning-Papers-Reading-Roadmap" id="jhC989v31fuuEPfAI_ox-5">
          <mxCell style="rounded=1;html=1;fillColor=#1F6286;fontColor=#FFFFFF;textDirection=ltr;whiteSpace=wrap;shadow=1;" parent="jhC989v31fuuEPfAI_ox-1" vertex="1">
            <mxGeometry x="76" y="200" width="170" height="40" as="geometry" />
          </mxCell>
        </UserObject>
        <mxCell id="jhC989v31fuuEPfAI_ox-6" value="&lt;font color=&quot;#000000&quot; style=&quot;font-size: 16px&quot;&gt;Papers&lt;/font&gt;" style="text;html=1;strokeColor=none;fillColor=none;align=center;verticalAlign=middle;whiteSpace=nowrap;rounded=0;labelBackgroundColor=none;fontSize=16;fontColor=#FFFFFF;fontStyle=1" parent="jhC989v31fuuEPfAI_ox-1" vertex="1">
          <mxGeometry x="44" y="169.5" width="110" height="20" as="geometry" />
        </mxCell>
        <UserObject label="Papers with code" link="https://paperswithcode.com/" id="jhC989v31fuuEPfAI_ox-13">
          <mxCell style="rounded=1;whiteSpace=nowrap;html=1;fillColor=#1F6286;fontColor=#FFFFFF;textDirection=ltr;shadow=1;" parent="jhC989v31fuuEPfAI_ox-1" vertex="1">
            <mxGeometry x="76" y="250" width="170" height="40" as="geometry" />
          </mxCell>
        </UserObject>
        <mxCell id="KsJ2Czu0PXdUfGMdA1Ay-3" style="edgeStyle=orthogonalEdgeStyle;curved=1;orthogonalLoop=1;jettySize=auto;html=1;exitX=0.5;exitY=1;exitDx=0;exitDy=0;entryX=0.5;entryY=0;entryDx=0;entryDy=0;endArrow=none;endFill=0;strokeColor=#1F6286;fontSize=11;fontColor=#000000;" parent="jhC989v31fuuEPfAI_ox-1" source="jhC989v31fuuEPfAI_ox-14" target="jhC989v31fuuEPfAI_ox-20" edge="1">
          <mxGeometry relative="1" as="geometry" />
        </mxCell>
        <UserObject label="Papers with code - state of the art" link="https://paperswithcode.com/sota" id="jhC989v31fuuEPfAI_ox-14">
          <mxCell style="rounded=1;html=1;fillColor=#1F6286;fontColor=#FFFFFF;textDirection=ltr;whiteSpace=wrap;shadow=1;" parent="jhC989v31fuuEPfAI_ox-1" vertex="1">
            <mxGeometry x="76" y="300" width="170" height="40" as="geometry" />
          </mxCell>
        </UserObject>
        <UserObject label="Understanding &lt;br&gt;Neural Networks" link="https://towardsdatascience.com/understanding-neural-networks-19020b758230" id="jhC989v31fuuEPfAI_ox-20">
          <mxCell style="rounded=1;whiteSpace=nowrap;html=1;fillColor=#1F6286;fontColor=#FFFFFF;textDirection=ltr;shadow=1;" parent="jhC989v31fuuEPfAI_ox-1" vertex="1">
            <mxGeometry x="206" y="400" width="170" height="40" as="geometry" />
          </mxCell>
        </UserObject>
        <mxCell id="jhC989v31fuuEPfAI_ox-21" value="&lt;font color=&quot;#000000&quot; style=&quot;font-size: 16px&quot;&gt;Neural Networks&lt;/font&gt;" style="text;html=1;strokeColor=none;fillColor=none;align=center;verticalAlign=middle;whiteSpace=nowrap;rounded=0;labelBackgroundColor=none;fontSize=16;fontColor=#FFFFFF;fontStyle=1" parent="jhC989v31fuuEPfAI_ox-1" vertex="1">
          <mxGeometry x="307.25" y="369.5" width="110" height="20" as="geometry" />
        </mxCell>
        <mxCell id="jhC989v31fuuEPfAI_ox-73" style="edgeStyle=orthogonalEdgeStyle;curved=1;orthogonalLoop=1;jettySize=auto;html=1;exitX=0.5;exitY=0;exitDx=0;exitDy=0;entryX=0.5;entryY=1;entryDx=0;entryDy=0;endArrow=none;endFill=0;strokeColor=#1F6286;fontSize=11;fontColor=#000000;" parent="jhC989v31fuuEPfAI_ox-1" source="jhC989v31fuuEPfAI_ox-74" target="7da8nBfzd5TYYxSi2nP1-3" edge="1">
          <mxGeometry relative="1" as="geometry">
            <mxPoint x="291" y="440" as="targetPoint" />
          </mxGeometry>
        </mxCell>
        <UserObject label="Feedforward neural network" link="https://en.wikipedia.org/wiki/Feedforward_neural_network" id="jhC989v31fuuEPfAI_ox-74">
          <mxCell style="rounded=1;whiteSpace=nowrap;html=1;fillColor=#1F6286;fontColor=#FFFFFF;textDirection=ltr;shadow=1;" parent="jhC989v31fuuEPfAI_ox-1" vertex="1">
            <mxGeometry x="82" y="700.5" width="170" height="40" as="geometry" />
          </mxCell>
        </UserObject>
        <UserObject label="Autoencoder" link="https://en.wikipedia.org/wiki/Autoencoder" id="jhC989v31fuuEPfAI_ox-75">
          <mxCell style="rounded=1;whiteSpace=nowrap;html=1;fillColor=#1F6286;fontColor=#FFFFFF;textDirection=ltr;shadow=1;" parent="jhC989v31fuuEPfAI_ox-1" vertex="1">
            <mxGeometry x="82" y="750.5" width="170" height="40" as="geometry" />
          </mxCell>
        </UserObject>
        <UserObject label="Convolutional Neural Network&lt;br&gt;(CNN)" link="https://towardsdatascience.com/a-comprehensive-guide-to-convolutional-neural-networks-the-eli5-way-3bd2b1164a53" id="jhC989v31fuuEPfAI_ox-76">
          <mxCell style="rounded=1;whiteSpace=nowrap;html=1;fillColor=#1F6286;fontColor=#FFFFFF;textDirection=ltr;shadow=1;" parent="jhC989v31fuuEPfAI_ox-1" vertex="1">
            <mxGeometry x="82" y="800.5" width="170" height="40" as="geometry" />
          </mxCell>
        </UserObject>
        <mxCell id="jhC989v31fuuEPfAI_ox-77" style="edgeStyle=orthogonalEdgeStyle;curved=1;orthogonalLoop=1;jettySize=auto;html=1;exitX=0.5;exitY=1;exitDx=0;exitDy=0;entryX=0.5;entryY=0;entryDx=0;entryDy=0;endArrow=none;endFill=0;strokeColor=#1F6286;fontSize=11;fontColor=#000000;" parent="jhC989v31fuuEPfAI_ox-1" source="7da8nBfzd5TYYxSi2nP1-15" target="7da8nBfzd5TYYxSi2nP1-16" edge="1">
          <mxGeometry relative="1" as="geometry" />
        </mxCell>
        <UserObject label="Generative Adversarial Network (GAN)" link="https://en.wikipedia.org/wiki/Generative_adversarial_network" id="jhC989v31fuuEPfAI_ox-78">
          <mxCell style="rounded=1;html=1;fillColor=#1F6286;fontColor=#FFFFFF;textDirection=ltr;whiteSpace=wrap;shadow=1;" parent="jhC989v31fuuEPfAI_ox-1" vertex="1">
            <mxGeometry x="82" y="999.5" width="170" height="40" as="geometry" />
          </mxCell>
        </UserObject>
        <mxCell id="jhC989v31fuuEPfAI_ox-79" value="&lt;font color=&quot;#000000&quot; style=&quot;font-size: 16px&quot;&gt;Architectures&lt;br&gt;&lt;/font&gt;" style="text;html=1;strokeColor=none;fillColor=none;align=center;verticalAlign=middle;whiteSpace=nowrap;rounded=0;labelBackgroundColor=none;fontSize=16;fontColor=#FFFFFF;fontStyle=1" parent="jhC989v31fuuEPfAI_ox-1" vertex="1">
          <mxGeometry x="57" y="669.5" width="110" height="20" as="geometry" />
        </mxCell>
        <UserObject label="Important Libraries" id="jhC989v31fuuEPfAI_ox-80">
          <mxCell style="rounded=1;whiteSpace=nowrap;html=1;fillColor=#1F6286;fontColor=#FFFFFF;textDirection=ltr;" parent="jhC989v31fuuEPfAI_ox-1" vertex="1">
            <mxGeometry x="82" y="1670.0033333333336" width="170" height="40" as="geometry" />
          </mxCell>
        </UserObject>
        <mxCell id="jhC989v31fuuEPfAI_ox-81" value="&lt;font color=&quot;#000000&quot; style=&quot;font-size: 16px&quot;&gt;Tools&lt;/font&gt;" style="text;html=1;strokeColor=none;fillColor=none;align=center;verticalAlign=middle;whiteSpace=nowrap;rounded=0;labelBackgroundColor=none;fontSize=16;fontColor=#FFFFFF;fontStyle=1" parent="jhC989v31fuuEPfAI_ox-1" vertex="1">
          <mxGeometry x="35" y="1640.0033333333336" width="110" height="20" as="geometry" />
        </mxCell>
        <mxCell id="jhC989v31fuuEPfAI_ox-84" style="edgeStyle=orthogonalEdgeStyle;curved=1;orthogonalLoop=1;jettySize=auto;html=1;dashed=1;endArrow=none;endFill=0;strokeColor=#1F6286;fontSize=24;fontColor=#FFFFFF;exitX=0.5;exitY=1;exitDx=0;exitDy=0;" parent="jhC989v31fuuEPfAI_ox-1" source="7da8nBfzd5TYYxSi2nP1-71" target="jhC989v31fuuEPfAI_ox-86" edge="1">
          <mxGeometry relative="1" as="geometry">
            <mxPoint x="340" y="1845" as="sourcePoint" />
          </mxGeometry>
        </mxCell>
        <UserObject label="PyTorch" link="https://pytorch.org/" id="jhC989v31fuuEPfAI_ox-85">
          <mxCell style="rounded=1;whiteSpace=nowrap;html=1;fillColor=#1F6286;fontColor=#FFFFFF;textDirection=ltr;shadow=1;" parent="jhC989v31fuuEPfAI_ox-1" vertex="1">
            <mxGeometry x="82" y="1769.5033333333336" width="170" height="40" as="geometry" />
          </mxCell>
        </UserObject>
        <mxCell id="jhC989v31fuuEPfAI_ox-86" value="&lt;h1 style=&quot;font-size: 22px;&quot;&gt;&lt;font style=&quot;font-size: 22px;&quot;&gt;keep exploring and stay up-to-date&lt;/font&gt;&lt;/h1&gt;" style="rounded=1;html=1;strokeColor=none;textDirection=ltr;fontSize=22;fontStyle=0;whiteSpace=wrap;fillColor=none;" parent="jhC989v31fuuEPfAI_ox-1" vertex="1">
          <mxGeometry x="70" y="2200" width="218" height="60" as="geometry" />
        </mxCell>
        <mxCell id="KsJ2Czu0PXdUfGMdA1Ay-0" value="" style="verticalLabelPosition=bottom;verticalAlign=top;html=1;shape=mxgraph.basic.6_point_star;rounded=1;labelBackgroundColor=none;fillColor=#FFFF00;fontSize=10;rotation=45;strokeColor=#d6b656;" parent="jhC989v31fuuEPfAI_ox-1" vertex="1">
          <mxGeometry x="236" y="192.5" width="16" height="15" as="geometry" />
        </mxCell>
        <mxCell id="KsJ2Czu0PXdUfGMdA1Ay-1" value="" style="verticalLabelPosition=bottom;verticalAlign=top;html=1;shape=mxgraph.basic.6_point_star;rounded=1;labelBackgroundColor=none;fillColor=#FFFF00;fontSize=10;rotation=45;strokeColor=#d6b656;" parent="jhC989v31fuuEPfAI_ox-1" vertex="1">
          <mxGeometry x="238" y="242.5" width="16" height="15" as="geometry" />
        </mxCell>
        <mxCell id="KsJ2Czu0PXdUfGMdA1Ay-2" value="" style="verticalLabelPosition=bottom;verticalAlign=top;html=1;shape=mxgraph.basic.6_point_star;rounded=1;labelBackgroundColor=none;fillColor=#FFFF00;fontSize=10;rotation=45;strokeColor=#d6b656;" parent="jhC989v31fuuEPfAI_ox-1" vertex="1">
          <mxGeometry x="236" y="292.5" width="16" height="15" as="geometry" />
        </mxCell>
        <UserObject label="Recurrent Neural Network&lt;br&gt;(RNN)" link="https://en.wikipedia.org/wiki/Recurrent_neural_network" id="KsJ2Czu0PXdUfGMdA1Ay-7">
          <mxCell style="rounded=1;whiteSpace=nowrap;html=1;fillColor=#1F6286;fontColor=#FFFFFF;textDirection=ltr;shadow=1;" parent="jhC989v31fuuEPfAI_ox-1" vertex="1">
            <mxGeometry x="82" y="850.5" width="170" height="40" as="geometry" />
          </mxCell>
        </UserObject>
        <mxCell id="KsJ2Czu0PXdUfGMdA1Ay-12" style="edgeStyle=orthogonalEdgeStyle;curved=1;orthogonalLoop=1;jettySize=auto;html=1;exitX=0;exitY=0.5;exitDx=0;exitDy=0;entryX=1;entryY=0.5;entryDx=0;entryDy=0;dashed=1;endArrow=none;endFill=0;strokeColor=#1F6286;fontSize=24;fontColor=#FFFFFF;" parent="jhC989v31fuuEPfAI_ox-1" source="KsJ2Czu0PXdUfGMdA1Ay-9" target="KsJ2Czu0PXdUfGMdA1Ay-7" edge="1">
          <mxGeometry relative="1" as="geometry" />
        </mxCell>
        <UserObject label="&lt;span style=&quot;font-size: 11px;&quot;&gt;LSTM&lt;/span&gt;" link="https://en.wikipedia.org/wiki/Long_short-term_memory" id="KsJ2Czu0PXdUfGMdA1Ay-9">
          <mxCell style="rounded=0;whiteSpace=nowrap;html=1;fontSize=11;fillColor=#878787;textDirection=ltr;fontColor=#FFFFFF;shadow=1;" parent="jhC989v31fuuEPfAI_ox-1" vertex="1">
            <mxGeometry x="312" y="845.5" width="140" height="20" as="geometry" />
          </mxCell>
        </UserObject>
        <mxCell id="KsJ2Czu0PXdUfGMdA1Ay-13" style="edgeStyle=orthogonalEdgeStyle;curved=1;orthogonalLoop=1;jettySize=auto;html=1;exitX=0;exitY=0.5;exitDx=0;exitDy=0;entryX=1;entryY=0.5;entryDx=0;entryDy=0;dashed=1;endArrow=none;endFill=0;strokeColor=#1F6286;fontSize=24;fontColor=#FFFFFF;" parent="jhC989v31fuuEPfAI_ox-1" source="KsJ2Czu0PXdUfGMdA1Ay-10" target="KsJ2Czu0PXdUfGMdA1Ay-7" edge="1">
          <mxGeometry relative="1" as="geometry" />
        </mxCell>
        <UserObject label="&lt;font style=&quot;font-size: 11px;&quot;&gt;GRU&lt;/font&gt;" link="https://en.wikipedia.org/wiki/Gated_recurrent_unit" id="KsJ2Czu0PXdUfGMdA1Ay-10">
          <mxCell style="rounded=0;whiteSpace=nowrap;html=1;fontSize=11;fillColor=#878787;textDirection=ltr;fontColor=#FFFFFF;shadow=1;" parent="jhC989v31fuuEPfAI_ox-1" vertex="1">
            <mxGeometry x="312" y="875.5" width="140" height="20" as="geometry" />
          </mxCell>
        </UserObject>
        <mxCell id="KsJ2Czu0PXdUfGMdA1Ay-15" value="" style="verticalLabelPosition=bottom;verticalAlign=top;html=1;shape=mxgraph.basic.6_point_star;rounded=1;labelBackgroundColor=none;fillColor=#FFFF00;fontSize=10;rotation=45;strokeColor=#d6b656;" parent="jhC989v31fuuEPfAI_ox-1" vertex="1">
          <mxGeometry x="244" y="1762.17" width="16" height="15" as="geometry" />
        </mxCell>
        <UserObject label="Tensorflow" link="https://www.tensorflow.org/" id="KsJ2Czu0PXdUfGMdA1Ay-16">
          <mxCell style="rounded=1;whiteSpace=nowrap;html=1;fillColor=#1F6286;fontColor=#FFFFFF;textDirection=ltr;shadow=1;" parent="jhC989v31fuuEPfAI_ox-1" vertex="1">
            <mxGeometry x="82" y="1719.5033333333336" width="170" height="40" as="geometry" />
          </mxCell>
        </UserObject>
        <mxCell id="KsJ2Czu0PXdUfGMdA1Ay-17" value="" style="verticalLabelPosition=bottom;verticalAlign=top;html=1;shape=mxgraph.basic.6_point_star;rounded=1;labelBackgroundColor=none;fillColor=#FFFF00;fontSize=10;rotation=45;strokeColor=#d6b656;" parent="jhC989v31fuuEPfAI_ox-1" vertex="1">
          <mxGeometry x="244" y="1712.17" width="16" height="15" as="geometry" />
        </mxCell>
        <UserObject label="Loss Functions" link="https://en.wikipedia.org/wiki/Loss_function" id="7da8nBfzd5TYYxSi2nP1-0">
          <mxCell style="rounded=1;whiteSpace=nowrap;html=1;fillColor=#1F6286;fontColor=#FFFFFF;textDirection=ltr;shadow=1;" parent="jhC989v31fuuEPfAI_ox-1" vertex="1">
            <mxGeometry x="206" y="449.5" width="170" height="40" as="geometry" />
          </mxCell>
        </UserObject>
        <UserObject label="Activation Functions" link="https://en.wikipedia.org/wiki/Activation_function" id="7da8nBfzd5TYYxSi2nP1-1">
          <mxCell style="rounded=1;whiteSpace=nowrap;html=1;fillColor=#1F6286;fontColor=#FFFFFF;textDirection=ltr;shadow=1;" parent="jhC989v31fuuEPfAI_ox-1" vertex="1">
            <mxGeometry x="206" y="499.5" width="170" height="40" as="geometry" />
          </mxCell>
        </UserObject>
        <UserObject label="Weight Initialization" link="https://towardsdatascience.com/weight-initialization-in-neural-networks-a-journey-from-the-basics-to-kaiming-954fb9b47c79" id="7da8nBfzd5TYYxSi2nP1-2">
          <mxCell style="rounded=1;whiteSpace=nowrap;html=1;fillColor=#1F6286;fontColor=#FFFFFF;textDirection=ltr;shadow=1;" parent="jhC989v31fuuEPfAI_ox-1" vertex="1">
            <mxGeometry x="207" y="549.5" width="170" height="40" as="geometry" />
          </mxCell>
        </UserObject>
        <UserObject label="Vanishing / Exploding&lt;br&gt;Gradient Problem" link="https://en.wikipedia.org/wiki/Vanishing_gradient_problem" id="7da8nBfzd5TYYxSi2nP1-3">
          <mxCell style="rounded=1;whiteSpace=nowrap;html=1;fillColor=#1F6286;fontColor=#FFFFFF;textDirection=ltr;shadow=1;" parent="jhC989v31fuuEPfAI_ox-1" vertex="1">
            <mxGeometry x="207" y="599.5" width="170" height="40" as="geometry" />
          </mxCell>
        </UserObject>
        <UserObject label="&lt;font style=&quot;font-size: 11px&quot;&gt;Pooling&lt;/font&gt;" link="https://en.wikipedia.org/wiki/Convolutional_neural_network#Pooling_layer" id="7da8nBfzd5TYYxSi2nP1-4">
          <mxCell style="rounded=0;whiteSpace=nowrap;html=1;fontSize=11;fillColor=#878787;textDirection=ltr;fontColor=#FFFFFF;shadow=1;" parent="jhC989v31fuuEPfAI_ox-1" vertex="1">
            <mxGeometry x="312" y="804.5" width="140" height="20" as="geometry" />
          </mxCell>
        </UserObject>
        <mxCell id="7da8nBfzd5TYYxSi2nP1-5" style="edgeStyle=orthogonalEdgeStyle;curved=1;orthogonalLoop=1;jettySize=auto;html=1;entryX=0;entryY=0.5;entryDx=0;entryDy=0;dashed=1;endArrow=none;endFill=0;strokeColor=#1F6286;fontSize=24;fontColor=#FFFFFF;exitX=1;exitY=0.5;exitDx=0;exitDy=0;" parent="jhC989v31fuuEPfAI_ox-1" source="jhC989v31fuuEPfAI_ox-76" target="7da8nBfzd5TYYxSi2nP1-4" edge="1">
          <mxGeometry relative="1" as="geometry">
            <mxPoint x="286" y="774.5" as="sourcePoint" />
            <mxPoint x="318" y="729.5" as="targetPoint" />
          </mxGeometry>
        </mxCell>
        <UserObject label="Transformer" link="https://en.wikipedia.org/wiki/Transformer_(machine_learning_model)" id="7da8nBfzd5TYYxSi2nP1-6">
          <mxCell style="rounded=1;whiteSpace=nowrap;html=1;fillColor=#1F6286;fontColor=#FFFFFF;textDirection=ltr;shadow=1;" parent="jhC989v31fuuEPfAI_ox-1" vertex="1">
            <mxGeometry x="82" y="899.5" width="170" height="40" as="geometry" />
          </mxCell>
        </UserObject>
        <UserObject label="&lt;font style=&quot;font-size: 11px&quot;&gt;Encoder&lt;/font&gt;" link="https://en.wikipedia.org/wiki/Transformer_(machine_learning_model)#Encoder" id="7da8nBfzd5TYYxSi2nP1-7">
          <mxCell style="rounded=0;whiteSpace=nowrap;html=1;fontSize=11;fillColor=#878787;textDirection=ltr;fontColor=#FFFFFF;shadow=1;" parent="jhC989v31fuuEPfAI_ox-1" vertex="1">
            <mxGeometry x="312" y="914.5" width="140" height="20" as="geometry" />
          </mxCell>
        </UserObject>
        <UserObject label="&lt;font style=&quot;font-size: 11px&quot;&gt;Decoder&lt;/font&gt;" link="https://en.wikipedia.org/wiki/Transformer_(machine_learning_model)#Decoder" id="7da8nBfzd5TYYxSi2nP1-8">
          <mxCell style="rounded=0;whiteSpace=nowrap;html=1;fontSize=11;fillColor=#878787;textDirection=ltr;fontColor=#FFFFFF;shadow=1;" parent="jhC989v31fuuEPfAI_ox-1" vertex="1">
            <mxGeometry x="312" y="944.5" width="140" height="20" as="geometry" />
          </mxCell>
        </UserObject>
        <UserObject label="&lt;font style=&quot;font-size: 11px&quot;&gt;Attention&lt;/font&gt;" link="https://en.wikipedia.org/wiki/Transformer_(machine_learning_model)#Scaled_dot-product_attention" id="7da8nBfzd5TYYxSi2nP1-9">
          <mxCell style="rounded=0;whiteSpace=nowrap;html=1;fontSize=11;fillColor=#878787;textDirection=ltr;fontColor=#FFFFFF;shadow=1;" parent="jhC989v31fuuEPfAI_ox-1" vertex="1">
            <mxGeometry x="312" y="974.5" width="140" height="20" as="geometry" />
          </mxCell>
        </UserObject>
        <mxCell id="7da8nBfzd5TYYxSi2nP1-11" style="edgeStyle=orthogonalEdgeStyle;curved=1;orthogonalLoop=1;jettySize=auto;html=1;exitX=0;exitY=0.5;exitDx=0;exitDy=0;entryX=1;entryY=0.5;entryDx=0;entryDy=0;dashed=1;endArrow=none;endFill=0;strokeColor=#1F6286;fontSize=24;fontColor=#FFFFFF;" parent="jhC989v31fuuEPfAI_ox-1" source="7da8nBfzd5TYYxSi2nP1-7" target="7da8nBfzd5TYYxSi2nP1-6" edge="1">
          <mxGeometry relative="1" as="geometry">
            <mxPoint x="317" y="905.5" as="sourcePoint" />
            <mxPoint x="257" y="875.5" as="targetPoint" />
          </mxGeometry>
        </mxCell>
        <mxCell id="7da8nBfzd5TYYxSi2nP1-12" style="edgeStyle=orthogonalEdgeStyle;curved=1;orthogonalLoop=1;jettySize=auto;html=1;exitX=0;exitY=0.5;exitDx=0;exitDy=0;entryX=1;entryY=0.5;entryDx=0;entryDy=0;dashed=1;endArrow=none;endFill=0;strokeColor=#1F6286;fontSize=24;fontColor=#FFFFFF;" parent="jhC989v31fuuEPfAI_ox-1" source="7da8nBfzd5TYYxSi2nP1-8" target="7da8nBfzd5TYYxSi2nP1-6" edge="1">
          <mxGeometry relative="1" as="geometry">
            <mxPoint x="317" y="924.5" as="sourcePoint" />
            <mxPoint x="257" y="929.5" as="targetPoint" />
          </mxGeometry>
        </mxCell>
        <mxCell id="7da8nBfzd5TYYxSi2nP1-13" style="edgeStyle=orthogonalEdgeStyle;curved=1;orthogonalLoop=1;jettySize=auto;html=1;exitX=0;exitY=0.5;exitDx=0;exitDy=0;entryX=1;entryY=0.5;entryDx=0;entryDy=0;dashed=1;endArrow=none;endFill=0;strokeColor=#1F6286;fontSize=24;fontColor=#FFFFFF;" parent="jhC989v31fuuEPfAI_ox-1" source="7da8nBfzd5TYYxSi2nP1-9" target="7da8nBfzd5TYYxSi2nP1-6" edge="1">
          <mxGeometry relative="1" as="geometry">
            <mxPoint x="317" y="954.5" as="sourcePoint" />
            <mxPoint x="257" y="929.5" as="targetPoint" />
          </mxGeometry>
        </mxCell>
        <UserObject label="Siamese Network" link="https://en.wikipedia.org/wiki/Siamese_neural_network" id="7da8nBfzd5TYYxSi2nP1-14">
          <mxCell style="rounded=1;whiteSpace=nowrap;html=1;fillColor=#1F6286;fontColor=#FFFFFF;textDirection=ltr;shadow=1;" parent="jhC989v31fuuEPfAI_ox-1" vertex="1">
            <mxGeometry x="82" y="949.5" width="170" height="40" as="geometry" />
          </mxCell>
        </UserObject>
        <UserObject label="Residual Connections" link="https://en.wikipedia.org/wiki/Residual_neural_network" id="7da8nBfzd5TYYxSi2nP1-15">
          <mxCell style="rounded=1;whiteSpace=nowrap;html=1;fillColor=#1F6286;fontColor=#FFFFFF;textDirection=ltr;shadow=1;" parent="jhC989v31fuuEPfAI_ox-1" vertex="1">
            <mxGeometry x="82" y="1100" width="170" height="40" as="geometry" />
          </mxCell>
        </UserObject>
        <UserObject label="Optimizers" id="7da8nBfzd5TYYxSi2nP1-16">
          <mxCell style="rounded=1;whiteSpace=nowrap;html=1;fillColor=#1F6286;fontColor=#FFFFFF;textDirection=ltr;shadow=1;" parent="jhC989v31fuuEPfAI_ox-1" vertex="1">
            <mxGeometry x="207" y="1210.0033333333336" width="170" height="40" as="geometry" />
          </mxCell>
        </UserObject>
        <mxCell id="7da8nBfzd5TYYxSi2nP1-17" value="&lt;font color=&quot;#000000&quot; style=&quot;font-size: 16px&quot;&gt;Training&lt;/font&gt;" style="text;html=1;strokeColor=none;fillColor=none;align=center;verticalAlign=middle;whiteSpace=nowrap;rounded=0;labelBackgroundColor=none;fontSize=16;fontColor=#FFFFFF;fontStyle=1" parent="jhC989v31fuuEPfAI_ox-1" vertex="1">
          <mxGeometry x="307.25" y="1180.0033333333336" width="110" height="20" as="geometry" />
        </mxCell>
        <UserObject label="Learning Rate Schedule" link="https://en.wikipedia.org/wiki/Learning_rate#Learning_rate_schedule" id="7da8nBfzd5TYYxSi2nP1-18">
          <mxCell style="rounded=1;whiteSpace=nowrap;html=1;fillColor=#1F6286;fontColor=#FFFFFF;textDirection=ltr;shadow=1;" parent="jhC989v31fuuEPfAI_ox-1" vertex="1">
            <mxGeometry x="207" y="1260.0033333333336" width="170" height="40" as="geometry" />
          </mxCell>
        </UserObject>
        <UserObject label="Batch Normalization" link="https://en.wikipedia.org/wiki/Batch_normalization" id="7da8nBfzd5TYYxSi2nP1-19">
          <mxCell style="rounded=1;whiteSpace=nowrap;html=1;fillColor=#1F6286;fontColor=#FFFFFF;textDirection=ltr;shadow=1;" parent="jhC989v31fuuEPfAI_ox-1" vertex="1">
            <mxGeometry x="207" y="1310.0033333333336" width="170" height="40" as="geometry" />
          </mxCell>
        </UserObject>
        <UserObject label="Batch Size Effects" link="https://medium.com/mini-distill/effect-of-batch-size-on-training-dynamics-21c14f7a716e" id="7da8nBfzd5TYYxSi2nP1-20">
          <mxCell style="rounded=1;whiteSpace=nowrap;html=1;fillColor=#1F6286;fontColor=#FFFFFF;textDirection=ltr;shadow=1;" parent="jhC989v31fuuEPfAI_ox-1" vertex="1">
            <mxGeometry x="207" y="1360.0033333333336" width="170" height="40" as="geometry" />
          </mxCell>
        </UserObject>
        <UserObject label="Regularization" link="https://en.wikipedia.org/wiki/Regularization_(mathematics)" id="7da8nBfzd5TYYxSi2nP1-21">
          <mxCell style="rounded=1;whiteSpace=nowrap;html=1;fillColor=#1F6286;fontColor=#FFFFFF;textDirection=ltr;shadow=1;" parent="jhC989v31fuuEPfAI_ox-1" vertex="1">
            <mxGeometry x="206" y="1410.0033333333336" width="170" height="40" as="geometry" />
          </mxCell>
        </UserObject>
        <UserObject label="Multitask Learning" link="https://en.wikipedia.org/wiki/Multi-task_learning" id="7da8nBfzd5TYYxSi2nP1-22">
          <mxCell style="rounded=1;whiteSpace=nowrap;html=1;fillColor=#1F6286;fontColor=#FFFFFF;textDirection=ltr;shadow=1;" parent="jhC989v31fuuEPfAI_ox-1" vertex="1">
            <mxGeometry x="206" y="1460.0033333333336" width="170" height="40" as="geometry" />
          </mxCell>
        </UserObject>
        <UserObject label="Transfer Learning" link="https://en.wikipedia.org/wiki/Transfer_learning" id="7da8nBfzd5TYYxSi2nP1-23">
          <mxCell style="rounded=1;whiteSpace=nowrap;html=1;fillColor=#1F6286;fontColor=#FFFFFF;textDirection=ltr;shadow=1;" parent="jhC989v31fuuEPfAI_ox-1" vertex="1">
            <mxGeometry x="207" y="1510.0033333333336" width="170" height="40" as="geometry" />
          </mxCell>
        </UserObject>
        <UserObject label="Curriculum Learning" link="https://arxiv.org/abs/1904.03626" id="7da8nBfzd5TYYxSi2nP1-24">
          <mxCell style="rounded=1;whiteSpace=nowrap;html=1;fillColor=#1F6286;fontColor=#FFFFFF;textDirection=ltr;shadow=1;" parent="jhC989v31fuuEPfAI_ox-1" vertex="1">
            <mxGeometry x="207" y="1560.0033333333336" width="170" height="40" as="geometry" />
          </mxCell>
        </UserObject>
        <UserObject label="&lt;font style=&quot;font-size: 11px&quot;&gt;SGD&lt;/font&gt;" link="https://en.wikipedia.org/wiki/Stochastic_gradient_descent" id="7da8nBfzd5TYYxSi2nP1-25">
          <mxCell style="rounded=0;whiteSpace=nowrap;html=1;fontSize=11;fillColor=#878787;textDirection=ltr;fontColor=#FFFFFF;shadow=1;" parent="jhC989v31fuuEPfAI_ox-1" vertex="1">
            <mxGeometry x="5" y="1210" width="140" height="14" as="geometry" />
          </mxCell>
        </UserObject>
        <UserObject label="&lt;font style=&quot;font-size: 11px&quot;&gt;Momentum&lt;/font&gt;" link="https://en.wikipedia.org/wiki/Stochastic_gradient_descent#Momentum" id="7da8nBfzd5TYYxSi2nP1-26">
          <mxCell style="rounded=0;whiteSpace=nowrap;html=1;fontSize=11;fillColor=#878787;textDirection=ltr;fontColor=#FFFFFF;shadow=1;" parent="jhC989v31fuuEPfAI_ox-1" vertex="1">
            <mxGeometry x="5" y="1230" width="140" height="14" as="geometry" />
          </mxCell>
        </UserObject>
        <UserObject label="&lt;font style=&quot;font-size: 11px&quot;&gt;Adam&lt;/font&gt;" link="https://en.wikipedia.org/wiki/Stochastic_gradient_descent#Adam" id="7da8nBfzd5TYYxSi2nP1-27">
          <mxCell style="rounded=0;whiteSpace=nowrap;html=1;fontSize=11;fillColor=#878787;textDirection=ltr;fontColor=#FFFFFF;shadow=1;" parent="jhC989v31fuuEPfAI_ox-1" vertex="1">
            <mxGeometry x="5" y="1250" width="140" height="14" as="geometry" />
          </mxCell>
        </UserObject>
        <UserObject label="&lt;font style=&quot;font-size: 11px&quot;&gt;AdaGrad&lt;/font&gt;" link="https://en.wikipedia.org/wiki/Stochastic_gradient_descent#AdaGrad" id="7da8nBfzd5TYYxSi2nP1-28">
          <mxCell style="rounded=0;whiteSpace=nowrap;html=1;fontSize=11;fillColor=#878787;textDirection=ltr;fontColor=#FFFFFF;shadow=1;" parent="jhC989v31fuuEPfAI_ox-1" vertex="1">
            <mxGeometry x="5" y="1270" width="140" height="14" as="geometry" />
          </mxCell>
        </UserObject>
        <UserObject label="&lt;font style=&quot;font-size: 11px&quot;&gt;AdaDelta&lt;/font&gt;" link="https://ruder.io/optimizing-gradient-descent/index.html#adadelta" id="7da8nBfzd5TYYxSi2nP1-29">
          <mxCell style="rounded=0;whiteSpace=nowrap;html=1;fontSize=11;fillColor=#878787;textDirection=ltr;fontColor=#FFFFFF;shadow=1;" parent="jhC989v31fuuEPfAI_ox-1" vertex="1">
            <mxGeometry x="5" y="1290" width="140" height="14" as="geometry" />
          </mxCell>
        </UserObject>
        <UserObject label="&lt;font style=&quot;font-size: 11px&quot;&gt;Nadam&lt;/font&gt;" link="https://ruder.io/optimizing-gradient-descent/index.html#nadam" id="7da8nBfzd5TYYxSi2nP1-30">
          <mxCell style="rounded=0;whiteSpace=nowrap;html=1;fontSize=11;fillColor=#878787;textDirection=ltr;fontColor=#FFFFFF;shadow=1;" parent="jhC989v31fuuEPfAI_ox-1" vertex="1">
            <mxGeometry x="5" y="1310" width="140" height="14" as="geometry" />
          </mxCell>
        </UserObject>
        <UserObject label="&lt;font style=&quot;font-size: 11px&quot;&gt;RMSProp&lt;/font&gt;" link="https://en.wikipedia.org/wiki/Stochastic_gradient_descent#RMSProp" id="7da8nBfzd5TYYxSi2nP1-31">
          <mxCell style="rounded=0;whiteSpace=nowrap;html=1;fontSize=11;fillColor=#878787;textDirection=ltr;fontColor=#FFFFFF;shadow=1;" parent="jhC989v31fuuEPfAI_ox-1" vertex="1">
            <mxGeometry x="5" y="1330" width="140" height="14" as="geometry" />
          </mxCell>
        </UserObject>
        <mxCell id="7da8nBfzd5TYYxSi2nP1-36" style="edgeStyle=orthogonalEdgeStyle;curved=1;orthogonalLoop=1;jettySize=auto;html=1;exitX=1;exitY=0.5;exitDx=0;exitDy=0;entryX=0;entryY=0.5;entryDx=0;entryDy=0;dashed=1;endArrow=none;endFill=0;strokeColor=#1F6286;fontSize=24;fontColor=#FFFFFF;" parent="jhC989v31fuuEPfAI_ox-1" source="7da8nBfzd5TYYxSi2nP1-25" target="7da8nBfzd5TYYxSi2nP1-16" edge="1">
          <mxGeometry relative="1" as="geometry">
            <mxPoint x="317" y="1040" as="sourcePoint" />
            <mxPoint x="257" y="975" as="targetPoint" />
          </mxGeometry>
        </mxCell>
        <mxCell id="7da8nBfzd5TYYxSi2nP1-37" style="edgeStyle=orthogonalEdgeStyle;curved=1;orthogonalLoop=1;jettySize=auto;html=1;exitX=1;exitY=0.5;exitDx=0;exitDy=0;entryX=0;entryY=0.5;entryDx=0;entryDy=0;dashed=1;endArrow=none;endFill=0;strokeColor=#1F6286;fontSize=24;fontColor=#FFFFFF;" parent="jhC989v31fuuEPfAI_ox-1" source="7da8nBfzd5TYYxSi2nP1-26" target="7da8nBfzd5TYYxSi2nP1-16" edge="1">
          <mxGeometry relative="1" as="geometry">
            <mxPoint x="150" y="1222" as="sourcePoint" />
            <mxPoint x="212" y="1235.0033333333336" as="targetPoint" />
          </mxGeometry>
        </mxCell>
        <mxCell id="7da8nBfzd5TYYxSi2nP1-38" style="edgeStyle=orthogonalEdgeStyle;curved=1;orthogonalLoop=1;jettySize=auto;html=1;exitX=1;exitY=0.5;exitDx=0;exitDy=0;entryX=0;entryY=0.5;entryDx=0;entryDy=0;dashed=1;endArrow=none;endFill=0;strokeColor=#1F6286;fontSize=24;fontColor=#FFFFFF;" parent="jhC989v31fuuEPfAI_ox-1" source="7da8nBfzd5TYYxSi2nP1-27" target="7da8nBfzd5TYYxSi2nP1-16" edge="1">
          <mxGeometry relative="1" as="geometry">
            <mxPoint x="150" y="1242" as="sourcePoint" />
            <mxPoint x="212" y="1235.0033333333336" as="targetPoint" />
          </mxGeometry>
        </mxCell>
        <mxCell id="7da8nBfzd5TYYxSi2nP1-39" style="edgeStyle=orthogonalEdgeStyle;curved=1;orthogonalLoop=1;jettySize=auto;html=1;exitX=1;exitY=0.5;exitDx=0;exitDy=0;dashed=1;endArrow=none;endFill=0;strokeColor=#1F6286;fontSize=24;fontColor=#FFFFFF;entryX=0;entryY=0.5;entryDx=0;entryDy=0;" parent="jhC989v31fuuEPfAI_ox-1" source="7da8nBfzd5TYYxSi2nP1-28" target="7da8nBfzd5TYYxSi2nP1-16" edge="1">
          <mxGeometry relative="1" as="geometry">
            <mxPoint x="150" y="1262" as="sourcePoint" />
            <mxPoint x="170" y="1340" as="targetPoint" />
          </mxGeometry>
        </mxCell>
        <mxCell id="7da8nBfzd5TYYxSi2nP1-40" style="edgeStyle=orthogonalEdgeStyle;curved=1;orthogonalLoop=1;jettySize=auto;html=1;exitX=1;exitY=0.5;exitDx=0;exitDy=0;dashed=1;endArrow=none;endFill=0;strokeColor=#1F6286;fontSize=24;fontColor=#FFFFFF;entryX=0;entryY=0.5;entryDx=0;entryDy=0;" parent="jhC989v31fuuEPfAI_ox-1" source="7da8nBfzd5TYYxSi2nP1-29" target="7da8nBfzd5TYYxSi2nP1-16" edge="1">
          <mxGeometry relative="1" as="geometry">
            <mxPoint x="150" y="1282" as="sourcePoint" />
            <mxPoint x="140" y="1405" as="targetPoint" />
          </mxGeometry>
        </mxCell>
        <mxCell id="7da8nBfzd5TYYxSi2nP1-41" style="edgeStyle=orthogonalEdgeStyle;curved=1;orthogonalLoop=1;jettySize=auto;html=1;exitX=1;exitY=0.5;exitDx=0;exitDy=0;dashed=1;endArrow=none;endFill=0;strokeColor=#1F6286;fontSize=24;fontColor=#FFFFFF;entryX=0;entryY=0.5;entryDx=0;entryDy=0;" parent="jhC989v31fuuEPfAI_ox-1" source="7da8nBfzd5TYYxSi2nP1-30" target="7da8nBfzd5TYYxSi2nP1-16" edge="1">
          <mxGeometry relative="1" as="geometry">
            <mxPoint x="150" y="1302" as="sourcePoint" />
            <mxPoint x="160" y="1205" as="targetPoint" />
          </mxGeometry>
        </mxCell>
        <mxCell id="7da8nBfzd5TYYxSi2nP1-42" style="edgeStyle=orthogonalEdgeStyle;curved=1;orthogonalLoop=1;jettySize=auto;html=1;exitX=1;exitY=0.5;exitDx=0;exitDy=0;dashed=1;endArrow=none;endFill=0;strokeColor=#1F6286;fontSize=24;fontColor=#FFFFFF;entryX=0;entryY=0.5;entryDx=0;entryDy=0;" parent="jhC989v31fuuEPfAI_ox-1" source="7da8nBfzd5TYYxSi2nP1-31" target="7da8nBfzd5TYYxSi2nP1-16" edge="1">
          <mxGeometry relative="1" as="geometry">
            <mxPoint x="150" y="1322" as="sourcePoint" />
            <mxPoint x="165" y="1185" as="targetPoint" />
          </mxGeometry>
        </mxCell>
        <UserObject label="&lt;font style=&quot;font-size: 11px&quot;&gt;Early Stopping&lt;/font&gt;" link="https://en.wikipedia.org/wiki/Early_stopping" id="7da8nBfzd5TYYxSi2nP1-52">
          <mxCell style="rounded=0;whiteSpace=nowrap;html=1;fontSize=11;fillColor=#878787;textDirection=ltr;fontColor=#FFFFFF;shadow=1;" parent="jhC989v31fuuEPfAI_ox-1" vertex="1">
            <mxGeometry x="5" y="1383" width="140" height="14" as="geometry" />
          </mxCell>
        </UserObject>
        <UserObject label="&lt;font style=&quot;font-size: 11px&quot;&gt;Dropout&lt;/font&gt;" link="https://en.wikipedia.org/wiki/Dilution_(neural_networks)" id="7da8nBfzd5TYYxSi2nP1-53">
          <mxCell style="rounded=0;whiteSpace=nowrap;html=1;fontSize=11;fillColor=#878787;textDirection=ltr;fontColor=#FFFFFF;shadow=1;" parent="jhC989v31fuuEPfAI_ox-1" vertex="1">
            <mxGeometry x="5" y="1403" width="140" height="14" as="geometry" />
          </mxCell>
        </UserObject>
        <UserObject label="&lt;font style=&quot;font-size: 11px&quot;&gt;Parameter Penalties&lt;/font&gt;" link="https://www.statisticshowto.com/regularization/" id="7da8nBfzd5TYYxSi2nP1-54">
          <mxCell style="rounded=0;whiteSpace=nowrap;html=1;fontSize=11;fillColor=#878787;textDirection=ltr;fontColor=#FFFFFF;shadow=1;" parent="jhC989v31fuuEPfAI_ox-1" vertex="1">
            <mxGeometry x="5" y="1423" width="140" height="14" as="geometry" />
          </mxCell>
        </UserObject>
        <UserObject label="&lt;font style=&quot;font-size: 11px&quot;&gt;Data Augmentation&lt;/font&gt;" link="https://en.wikipedia.org/wiki/Data_augmentation" id="7da8nBfzd5TYYxSi2nP1-55">
          <mxCell style="rounded=0;whiteSpace=nowrap;html=1;fontSize=11;fillColor=#878787;textDirection=ltr;fontColor=#FFFFFF;shadow=1;" parent="jhC989v31fuuEPfAI_ox-1" vertex="1">
            <mxGeometry x="5" y="1443" width="140" height="14" as="geometry" />
          </mxCell>
        </UserObject>
        <UserObject label="&lt;font style=&quot;font-size: 11px&quot;&gt;Adversarial Training&lt;/font&gt;" link="https://arxiv.org/pdf/1412.6572.pdf" id="7da8nBfzd5TYYxSi2nP1-56">
          <mxCell style="rounded=0;whiteSpace=nowrap;html=1;fontSize=11;fillColor=#878787;textDirection=ltr;fontColor=#FFFFFF;shadow=1;" parent="jhC989v31fuuEPfAI_ox-1" vertex="1">
            <mxGeometry x="5" y="1463" width="140" height="14" as="geometry" />
          </mxCell>
        </UserObject>
        <mxCell id="7da8nBfzd5TYYxSi2nP1-59" style="edgeStyle=orthogonalEdgeStyle;curved=1;orthogonalLoop=1;jettySize=auto;html=1;exitX=1;exitY=0.5;exitDx=0;exitDy=0;entryX=0;entryY=0.5;entryDx=0;entryDy=0;dashed=1;endArrow=none;endFill=0;strokeColor=#1F6286;fontSize=24;fontColor=#FFFFFF;" parent="jhC989v31fuuEPfAI_ox-1" source="7da8nBfzd5TYYxSi2nP1-52" target="7da8nBfzd5TYYxSi2nP1-21" edge="1">
          <mxGeometry relative="1" as="geometry">
            <mxPoint x="150" y="1222" as="sourcePoint" />
            <mxPoint x="212" y="1235.0033333333336" as="targetPoint" />
          </mxGeometry>
        </mxCell>
        <mxCell id="7da8nBfzd5TYYxSi2nP1-60" style="edgeStyle=orthogonalEdgeStyle;curved=1;orthogonalLoop=1;jettySize=auto;html=1;exitX=1;exitY=0.5;exitDx=0;exitDy=0;dashed=1;endArrow=none;endFill=0;strokeColor=#1F6286;fontSize=24;fontColor=#FFFFFF;entryX=0;entryY=0.5;entryDx=0;entryDy=0;" parent="jhC989v31fuuEPfAI_ox-1" source="7da8nBfzd5TYYxSi2nP1-53" target="7da8nBfzd5TYYxSi2nP1-21" edge="1">
          <mxGeometry relative="1" as="geometry">
            <mxPoint x="150" y="1395" as="sourcePoint" />
            <mxPoint x="170" y="1495" as="targetPoint" />
          </mxGeometry>
        </mxCell>
        <mxCell id="7da8nBfzd5TYYxSi2nP1-61" style="edgeStyle=orthogonalEdgeStyle;curved=1;orthogonalLoop=1;jettySize=auto;html=1;exitX=1;exitY=0.5;exitDx=0;exitDy=0;dashed=1;endArrow=none;endFill=0;strokeColor=#1F6286;fontSize=24;fontColor=#FFFFFF;entryX=0;entryY=0.5;entryDx=0;entryDy=0;" parent="jhC989v31fuuEPfAI_ox-1" source="7da8nBfzd5TYYxSi2nP1-54" target="7da8nBfzd5TYYxSi2nP1-21" edge="1">
          <mxGeometry relative="1" as="geometry">
            <mxPoint x="150" y="1415" as="sourcePoint" />
            <mxPoint x="211" y="1435.0033333333336" as="targetPoint" />
          </mxGeometry>
        </mxCell>
        <mxCell id="7da8nBfzd5TYYxSi2nP1-62" style="edgeStyle=orthogonalEdgeStyle;curved=1;orthogonalLoop=1;jettySize=auto;html=1;exitX=1;exitY=0.5;exitDx=0;exitDy=0;dashed=1;endArrow=none;endFill=0;strokeColor=#1F6286;fontSize=24;fontColor=#FFFFFF;entryX=0;entryY=0.5;entryDx=0;entryDy=0;" parent="jhC989v31fuuEPfAI_ox-1" source="7da8nBfzd5TYYxSi2nP1-55" target="7da8nBfzd5TYYxSi2nP1-21" edge="1">
          <mxGeometry relative="1" as="geometry">
            <mxPoint x="150" y="1435" as="sourcePoint" />
            <mxPoint x="185" y="1405" as="targetPoint" />
          </mxGeometry>
        </mxCell>
        <mxCell id="7da8nBfzd5TYYxSi2nP1-63" style="edgeStyle=orthogonalEdgeStyle;curved=1;orthogonalLoop=1;jettySize=auto;html=1;exitX=1;exitY=0.5;exitDx=0;exitDy=0;dashed=1;endArrow=none;endFill=0;strokeColor=#1F6286;fontSize=24;fontColor=#FFFFFF;entryX=0;entryY=0.5;entryDx=0;entryDy=0;" parent="jhC989v31fuuEPfAI_ox-1" source="7da8nBfzd5TYYxSi2nP1-56" target="7da8nBfzd5TYYxSi2nP1-21" edge="1">
          <mxGeometry relative="1" as="geometry">
            <mxPoint x="150" y="1455" as="sourcePoint" />
            <mxPoint x="185" y="1390" as="targetPoint" />
          </mxGeometry>
        </mxCell>
        <mxCell id="7da8nBfzd5TYYxSi2nP1-64" style="edgeStyle=orthogonalEdgeStyle;curved=1;orthogonalLoop=1;jettySize=auto;html=1;exitX=0.5;exitY=1;exitDx=0;exitDy=0;entryX=0.5;entryY=0;entryDx=0;entryDy=0;endArrow=none;endFill=0;strokeColor=#1F6286;fontSize=11;fontColor=#000000;" parent="jhC989v31fuuEPfAI_ox-1" source="7da8nBfzd5TYYxSi2nP1-24" target="jhC989v31fuuEPfAI_ox-80" edge="1">
          <mxGeometry relative="1" as="geometry">
            <mxPoint x="172" y="1145" as="sourcePoint" />
            <mxPoint x="297" y="1215.0033333333336" as="targetPoint" />
          </mxGeometry>
        </mxCell>
        <UserObject label="Tensorboard" link="https://www.tensorflow.org/tensorboard" id="7da8nBfzd5TYYxSi2nP1-65">
          <mxCell style="rounded=1;whiteSpace=nowrap;html=1;fillColor=#1F6286;fontColor=#FFFFFF;textDirection=ltr;shadow=1;" parent="jhC989v31fuuEPfAI_ox-1" vertex="1">
            <mxGeometry x="82" y="1820.0033333333336" width="170" height="40" as="geometry" />
          </mxCell>
        </UserObject>
        <UserObject label="MLFlow" link="https://mlflow.org/" id="7da8nBfzd5TYYxSi2nP1-66">
          <mxCell style="rounded=1;whiteSpace=nowrap;html=1;fillColor=#1F6286;fontColor=#FFFFFF;textDirection=ltr;shadow=1;" parent="jhC989v31fuuEPfAI_ox-1" vertex="1">
            <mxGeometry x="82" y="1870.5033333333336" width="170" height="40" as="geometry" />
          </mxCell>
        </UserObject>
        <UserObject label="Distillation" link="https://en.wikipedia.org/wiki/Knowledge_distillation" id="7da8nBfzd5TYYxSi2nP1-69">
          <mxCell style="rounded=1;whiteSpace=nowrap;html=1;fillColor=#1F6286;fontColor=#FFFFFF;textDirection=ltr;shadow=1;" parent="jhC989v31fuuEPfAI_ox-1" vertex="1">
            <mxGeometry x="207" y="1990" width="170" height="40" as="geometry" />
          </mxCell>
        </UserObject>
        <mxCell id="7da8nBfzd5TYYxSi2nP1-70" value="&lt;font color=&quot;#000000&quot; style=&quot;font-size: 16px&quot;&gt;Model optimization&lt;br&gt;(advanced)&lt;br&gt;&lt;/font&gt;" style="text;html=1;strokeColor=none;fillColor=none;align=center;verticalAlign=middle;whiteSpace=nowrap;rounded=0;labelBackgroundColor=none;fontSize=16;fontColor=#FFFFFF;fontStyle=1" parent="jhC989v31fuuEPfAI_ox-1" vertex="1">
          <mxGeometry x="307.25" y="1950" width="110" height="20" as="geometry" />
        </mxCell>
        <UserObject label="Neural Architecture&lt;br&gt;Search (NAS)" link="https://en.wikipedia.org/wiki/Neural_architecture_search" id="7da8nBfzd5TYYxSi2nP1-71">
          <mxCell style="rounded=1;whiteSpace=nowrap;html=1;fillColor=#1F6286;fontColor=#FFFFFF;textDirection=ltr;shadow=1;" parent="jhC989v31fuuEPfAI_ox-1" vertex="1">
            <mxGeometry x="207" y="2089.5" width="170" height="40" as="geometry" />
          </mxCell>
        </UserObject>
        <UserObject label="Quantization" link="https://towardsdatascience.com/speeding-up-deep-learning-with-quantization-3fe3538cbb9" id="7da8nBfzd5TYYxSi2nP1-73">
          <mxCell style="rounded=1;whiteSpace=nowrap;html=1;fillColor=#1F6286;fontColor=#FFFFFF;textDirection=ltr;shadow=1;" parent="jhC989v31fuuEPfAI_ox-1" vertex="1">
            <mxGeometry x="207" y="2039.5" width="170" height="40" as="geometry" />
          </mxCell>
        </UserObject>
        <mxCell id="7da8nBfzd5TYYxSi2nP1-75" style="edgeStyle=orthogonalEdgeStyle;curved=1;orthogonalLoop=1;jettySize=auto;html=1;exitX=0.5;exitY=0;exitDx=0;exitDy=0;entryX=0.5;entryY=1;entryDx=0;entryDy=0;endArrow=none;endFill=0;strokeColor=#1F6286;fontSize=11;fontColor=#000000;" parent="jhC989v31fuuEPfAI_ox-1" source="7da8nBfzd5TYYxSi2nP1-69" target="7da8nBfzd5TYYxSi2nP1-66" edge="1">
          <mxGeometry relative="1" as="geometry">
            <mxPoint x="297" y="1605.0033333333336" as="sourcePoint" />
            <mxPoint x="172" y="1675.0033333333336" as="targetPoint" />
          </mxGeometry>
        </mxCell>
        <UserObject label="&lt;span style=&quot;font-size: 11px&quot;&gt;Awesome Deep Learning&lt;/span&gt;" link="https://github.com/ChristosChristofidis/awesome-deep-learning" id="HgFxAsb2VZQsEirVh3CM-2">
          <mxCell style="rounded=0;whiteSpace=nowrap;html=1;fontSize=11;fillColor=#878787;textDirection=ltr;fontColor=#FFFFFF;shadow=1;" vertex="1" parent="jhC989v31fuuEPfAI_ox-1">
            <mxGeometry x="312" y="1665" width="140" height="20" as="geometry" />
          </mxCell>
        </UserObject>
        <UserObject label="&lt;font style=&quot;font-size: 11px&quot;&gt;Huggingface Transformers&lt;/font&gt;" link="https://github.com/huggingface/transformers" id="HgFxAsb2VZQsEirVh3CM-4">
          <mxCell style="rounded=0;whiteSpace=nowrap;html=1;fontSize=11;fillColor=#878787;textDirection=ltr;fontColor=#FFFFFF;shadow=1;" vertex="1" parent="jhC989v31fuuEPfAI_ox-1">
            <mxGeometry x="312" y="1695" width="140" height="20" as="geometry" />
          </mxCell>
        </UserObject>
        <mxCell id="HgFxAsb2VZQsEirVh3CM-5" style="edgeStyle=orthogonalEdgeStyle;curved=1;orthogonalLoop=1;jettySize=auto;html=1;exitX=1;exitY=0.5;exitDx=0;exitDy=0;dashed=1;endArrow=none;endFill=0;strokeColor=#1F6286;fontSize=24;fontColor=#FFFFFF;entryX=0;entryY=0.5;entryDx=0;entryDy=0;" edge="1" parent="jhC989v31fuuEPfAI_ox-1" source="jhC989v31fuuEPfAI_ox-80" target="HgFxAsb2VZQsEirVh3CM-2">
          <mxGeometry relative="1" as="geometry">
            <mxPoint x="295" y="1655.5" as="sourcePoint" />
            <mxPoint x="356" y="1615.5033333333336" as="targetPoint" />
          </mxGeometry>
        </mxCell>
        <mxCell id="HgFxAsb2VZQsEirVh3CM-6" style="edgeStyle=orthogonalEdgeStyle;curved=1;orthogonalLoop=1;jettySize=auto;html=1;dashed=1;endArrow=none;endFill=0;strokeColor=#1F6286;fontSize=24;fontColor=#FFFFFF;entryX=0;entryY=0.5;entryDx=0;entryDy=0;" edge="1" parent="jhC989v31fuuEPfAI_ox-1" target="HgFxAsb2VZQsEirVh3CM-4">
          <mxGeometry relative="1" as="geometry">
            <mxPoint x="255" y="1690.5" as="sourcePoint" />
            <mxPoint x="211" y="1435.0033333333336" as="targetPoint" />
          </mxGeometry>
        </mxCell>
        <UserObject label="Evolving Architectures / NEAT" link="https://www.youtube.com/watch?v=b3D8jPmcw-g" id="HgFxAsb2VZQsEirVh3CM-8">
          <mxCell style="rounded=1;html=1;fillColor=#1F6286;fontColor=#FFFFFF;textDirection=ltr;whiteSpace=wrap;shadow=1;" vertex="1" parent="jhC989v31fuuEPfAI_ox-1">
            <mxGeometry x="82" y="1050" width="170" height="40" as="geometry" />
          </mxCell>
        </UserObject>
      </root>
    </mxGraphModel>
  </diagram>
</mxfile>
