<?xml version="1.0" encoding="UTF-8"?>
<mxfile modified="2021-03-05T15:49:19.478Z" host="app.diagrams.net" agent="5.0 (Macintosh; Intel Mac OS X 11_2_1) AppleWebKit/537.36 (KHTML, like Gecko) Chrome/89.0.4389.72 Safari/537.36" etag="_uz0Kk7wXTIXvWMaiXO8" compressed="false" version="14.4.4" type="device">
  <diagram id="rtSr3QTENstnuI61b4uq" name="Page-1">
    <mxGraphModel dx="786" dy="1072" grid="1" gridSize="5" guides="1" tooltips="1" connect="1" arrows="1" fold="1" page="1" pageScale="1" pageWidth="840" pageHeight="2500" math="0" shadow="0">
      <root>
        <mxCell id="0" />
        <mxCell id="1" parent="0" />
        <mxCell id="Cq76QrIc5dfTi0YlTipQ-20" style="edgeStyle=orthogonalEdgeStyle;curved=1;orthogonalLoop=1;jettySize=auto;html=1;exitX=0.5;exitY=1;exitDx=0;exitDy=0;entryX=0.5;entryY=0;entryDx=0;entryDy=0;strokeColor=#1F6286;endArrow=none;endFill=0;textDirection=ltr;fontSize=10;fontColor=#FFFFFF;" parent="1" source="TaBsdL_WbFngfGy-Ndm6-1" target="Cq76QrIc5dfTi0YlTipQ-5" edge="1">
          <mxGeometry relative="1" as="geometry">
            <Array as="points">
              <mxPoint x="443" y="170" />
              <mxPoint x="344" y="170" />
            </Array>
          </mxGeometry>
        </mxCell>
        <mxCell id="TaBsdL_WbFngfGy-Ndm6-1" value="&lt;h1 style=&quot;font-size: 24px&quot;&gt;&lt;font style=&quot;font-size: 24px&quot;&gt;Fundamentals&lt;/font&gt;&lt;/h1&gt;" style="rounded=1;whiteSpace=nowrap;html=1;strokeColor=none;textDirection=ltr;fontSize=24;fontStyle=0;fillColor=none;" parent="1" vertex="1">
          <mxGeometry x="352.5" y="79" width="180" height="60" as="geometry" />
        </mxCell>
        <mxCell id="TaBsdL_WbFngfGy-Ndm6-2" value="" style="curved=1;endArrow=none;html=1;entryX=0.5;entryY=0;entryDx=0;entryDy=0;dashed=1;strokeColor=#1F6286;endFill=0;fontSize=24;fontColor=#FFFFFF;" parent="1" target="TaBsdL_WbFngfGy-Ndm6-1" edge="1">
          <mxGeometry width="50" height="50" relative="1" as="geometry">
            <mxPoint x="439" as="sourcePoint" />
            <mxPoint x="369" y="40" as="targetPoint" />
            <Array as="points">
              <mxPoint x="470" y="25" />
              <mxPoint x="425" y="50" />
            </Array>
          </mxGeometry>
        </mxCell>
        <UserObject label="Matrices &amp;amp; Linear Algebra Fundamentals" link="https://www.khanacademy.org/math/linear-algebra" id="Cq76QrIc5dfTi0YlTipQ-5">
          <mxCell style="rounded=1;html=1;fillColor=#1F6286;fontColor=#FFFFFF;textDirection=ltr;whiteSpace=wrap;shadow=1;" parent="1" vertex="1">
            <mxGeometry x="259" y="200" width="170" height="40" as="geometry" />
          </mxCell>
        </UserObject>
        <mxCell id="Cq76QrIc5dfTi0YlTipQ-186" style="edgeStyle=orthogonalEdgeStyle;curved=1;orthogonalLoop=1;jettySize=auto;html=1;exitX=1;exitY=0.5;exitDx=0;exitDy=0;entryX=0;entryY=0.5;entryDx=0;entryDy=0;dashed=1;dashPattern=1 2;endArrow=none;endFill=0;strokeColor=#1F6286;fontSize=10;fontColor=#FFFFFF;textDirection=ltr;" parent="1" source="Cq76QrIc5dfTi0YlTipQ-6" target="Cq76QrIc5dfTi0YlTipQ-7" edge="1">
          <mxGeometry relative="1" as="geometry" />
        </mxCell>
        <mxCell id="Cq76QrIc5dfTi0YlTipQ-6" value="Database Basics" style="rounded=1;whiteSpace=nowrap;html=1;fontColor=#FFFFFF;fillColor=#1F6286;textDirection=ltr;" parent="1" vertex="1">
          <mxGeometry x="259" y="250" width="170" height="30" as="geometry" />
        </mxCell>
        <UserObject label="&lt;font style=&quot;font-size: 10px;&quot;&gt;Relational vs. non-relational databases&lt;/font&gt;" link="https://www.dataversity.net/review-pros-cons-different-databases-relational-versus-non-relational/" id="Cq76QrIc5dfTi0YlTipQ-7">
          <mxCell style="rounded=1;whiteSpace=nowrap;html=1;fillColor=#878787;fontColor=#FFFFFF;fontSize=11;textDirection=ltr;labelBackgroundColor=none;endFill=0;endArrow=none;shadow=1;" parent="1" vertex="1">
            <mxGeometry x="484" y="230" width="210" height="20" as="geometry" />
          </mxCell>
        </UserObject>
        <mxCell id="Cq76QrIc5dfTi0YlTipQ-187" style="edgeStyle=orthogonalEdgeStyle;curved=1;orthogonalLoop=1;jettySize=auto;html=1;exitX=0;exitY=0.5;exitDx=0;exitDy=0;entryX=1;entryY=0.5;entryDx=0;entryDy=0;dashed=1;dashPattern=1 2;endArrow=none;endFill=0;strokeColor=#1F6286;fontSize=10;fontColor=#FFFFFF;textDirection=ltr;" parent="1" source="Cq76QrIc5dfTi0YlTipQ-8" target="Cq76QrIc5dfTi0YlTipQ-6" edge="1">
          <mxGeometry relative="1" as="geometry" />
        </mxCell>
        <UserObject label="&lt;font style=&quot;font-size: 10px;&quot;&gt;SQL + Joins (Inner, Outer, Cross, Theta Join)&lt;/font&gt;" link="https://en.wikipedia.org/wiki/Join_(SQL)" id="Cq76QrIc5dfTi0YlTipQ-8">
          <mxCell style="rounded=1;whiteSpace=nowrap;html=1;fillColor=#878787;fontSize=11;textDirection=ltr;fontColor=#FFFFFF;labelBackgroundColor=none;endFill=0;endArrow=none;shadow=1;" parent="1" vertex="1">
            <mxGeometry x="484" y="255" width="210" height="20" as="geometry" />
          </mxCell>
        </UserObject>
        <mxCell id="Cq76QrIc5dfTi0YlTipQ-188" style="edgeStyle=orthogonalEdgeStyle;curved=1;orthogonalLoop=1;jettySize=auto;html=1;exitX=0;exitY=0.5;exitDx=0;exitDy=0;entryX=1;entryY=0.5;entryDx=0;entryDy=0;dashed=1;dashPattern=1 2;endArrow=none;endFill=0;strokeColor=#1F6286;fontSize=10;fontColor=#FFFFFF;textDirection=ltr;" parent="1" source="Cq76QrIc5dfTi0YlTipQ-9" target="Cq76QrIc5dfTi0YlTipQ-6" edge="1">
          <mxGeometry relative="1" as="geometry" />
        </mxCell>
        <UserObject label="&lt;font style=&quot;font-size: 10px;&quot;&gt;NoSQL&lt;/font&gt;" link="https://en.wikipedia.org/wiki/NoSQL" id="Cq76QrIc5dfTi0YlTipQ-9">
          <mxCell style="rounded=1;whiteSpace=nowrap;html=1;fillColor=#878787;fontSize=11;textDirection=ltr;fontColor=#FFFFFF;labelBackgroundColor=none;endFill=0;endArrow=none;shadow=1;" parent="1" vertex="1">
            <mxGeometry x="484" y="280" width="210" height="20" as="geometry" />
          </mxCell>
        </UserObject>
        <mxCell id="Cq76QrIc5dfTi0YlTipQ-18" value="Tabular Data" style="rounded=1;whiteSpace=nowrap;html=1;fontColor=#FFFFFF;fillColor=#1F6286;textDirection=ltr;" parent="1" vertex="1">
          <mxGeometry x="259" y="290" width="170" height="30" as="geometry" />
        </mxCell>
        <mxCell id="Cq76QrIc5dfTi0YlTipQ-21" value="Data Frames &amp;amp; Series&lt;span style=&quot;font-family: &amp;#34;helvetica&amp;#34; , &amp;#34;arial&amp;#34; , sans-serif ; font-size: 0px ; white-space: nowrap&quot;&gt;%3CmxGraphModel%3E%3Croot%3E%3CmxCell%20id%3D%220%22%2F%3E%3CmxCell%20id%3D%221%22%20parent%3D%220%22%2F%3E%3CmxCell%20id%3D%222%22%20value%3D%22Tabular%20Data%22%20style%3D%22rounded%3D1%3BwhiteSpace%3Dwrap%3Bhtml%3D1%3B%22%20vertex%3D%221%22%20parent%3D%221%22%3E%3CmxGeometry%20x%3D%22170%22%20y%3D%22350%22%20width%3D%22170%22%20height%3D%2230%22%20as%3D%22geometry%22%2F%3E%3C%2FmxCell%3E%3C%2Froot%3E%3C%2FmxGraphModel%3E&lt;/span&gt;" style="rounded=1;whiteSpace=nowrap;html=1;fontColor=#FFFFFF;fillColor=#1F6286;textDirection=ltr;" parent="1" vertex="1">
          <mxGeometry x="259" y="330" width="170" height="30" as="geometry" />
        </mxCell>
        <UserObject label="Extract, Transform, Load (ETL)" link="https://en.wikipedia.org/wiki/Extract,_transform,_load" id="Cq76QrIc5dfTi0YlTipQ-22">
          <mxCell style="rounded=1;whiteSpace=nowrap;html=1;fontColor=#FFFFFF;fillColor=#1F6286;textDirection=ltr;shadow=1;" parent="1" vertex="1">
            <mxGeometry x="259" y="370" width="170" height="30" as="geometry" />
          </mxCell>
        </UserObject>
        <mxCell id="Cq76QrIc5dfTi0YlTipQ-25" value="Reporting vs BI vs Analytics" style="rounded=1;whiteSpace=nowrap;html=1;fontColor=#FFFFFF;fillColor=#1F6286;textDirection=ltr;" parent="1" vertex="1">
          <mxGeometry x="259" y="410" width="170" height="30" as="geometry" />
        </mxCell>
        <mxCell id="Cq76QrIc5dfTi0YlTipQ-26" value="Data Formats" style="rounded=1;whiteSpace=nowrap;html=1;fontColor=#FFFFFF;fillColor=#1F6286;textDirection=ltr;" parent="1" vertex="1">
          <mxGeometry x="259" y="450" width="170" height="30" as="geometry" />
        </mxCell>
        <mxCell id="Cq76QrIc5dfTi0YlTipQ-184" style="edgeStyle=orthogonalEdgeStyle;curved=1;orthogonalLoop=1;jettySize=auto;html=1;exitX=1;exitY=0.5;exitDx=0;exitDy=0;entryX=0;entryY=0.5;entryDx=0;entryDy=0;dashed=1;dashPattern=1 2;endArrow=none;endFill=0;strokeColor=#1F6286;fontSize=10;fontColor=#FFFFFF;textDirection=ltr;" parent="1" source="Cq76QrIc5dfTi0YlTipQ-27" target="Cq76QrIc5dfTi0YlTipQ-26" edge="1">
          <mxGeometry relative="1" as="geometry" />
        </mxCell>
        <UserObject label="&lt;font style=&quot;font-size: 10px&quot;&gt;JSON&lt;/font&gt;" link="http://json.org/" id="Cq76QrIc5dfTi0YlTipQ-27">
          <mxCell style="rounded=1;whiteSpace=nowrap;html=1;fontSize=11;fillColor=#878787;textDirection=ltr;fontColor=#FFFFFF;labelBackgroundColor=none;endFill=0;endArrow=none;shadow=1;" parent="1" vertex="1">
            <mxGeometry x="159" y="429" width="50" height="20" as="geometry" />
          </mxCell>
        </UserObject>
        <mxCell id="Cq76QrIc5dfTi0YlTipQ-185" style="edgeStyle=orthogonalEdgeStyle;curved=1;orthogonalLoop=1;jettySize=auto;html=1;exitX=1;exitY=0.5;exitDx=0;exitDy=0;entryX=0;entryY=0.5;entryDx=0;entryDy=0;dashed=1;dashPattern=1 2;endArrow=none;endFill=0;strokeColor=#1F6286;fontSize=10;fontColor=#FFFFFF;textDirection=ltr;" parent="1" source="Cq76QrIc5dfTi0YlTipQ-28" target="Cq76QrIc5dfTi0YlTipQ-26" edge="1">
          <mxGeometry relative="1" as="geometry" />
        </mxCell>
        <UserObject label="&lt;font style=&quot;font-size: 10px&quot;&gt;XML&lt;/font&gt;" link="https://en.wikipedia.org/wiki/XML" id="Cq76QrIc5dfTi0YlTipQ-28">
          <mxCell style="rounded=1;whiteSpace=nowrap;html=1;fontSize=11;fillColor=#878787;textDirection=ltr;fontColor=#FFFFFF;labelBackgroundColor=none;endFill=0;endArrow=none;shadow=1;" parent="1" vertex="1">
            <mxGeometry x="159" y="455" width="50" height="20" as="geometry" />
          </mxCell>
        </UserObject>
        <UserObject label="Regular Expressions (RegEx)" link="https://en.wikipedia.org/wiki/Regular_expression" id="Cq76QrIc5dfTi0YlTipQ-32">
          <mxCell style="rounded=1;whiteSpace=nowrap;html=1;fontColor=#FFFFFF;fillColor=#1F6286;textDirection=ltr;shadow=1;" parent="1" vertex="1">
            <mxGeometry x="259" y="490" width="170" height="30" as="geometry" />
          </mxCell>
        </UserObject>
        <mxCell id="Cq76QrIc5dfTi0YlTipQ-192" style="edgeStyle=orthogonalEdgeStyle;curved=1;orthogonalLoop=1;jettySize=auto;html=1;exitX=0.5;exitY=1;exitDx=0;exitDy=0;endArrow=none;endFill=0;strokeColor=#1F6286;fontSize=10;fontColor=#FFFFFF;" parent="1" source="Cq76QrIc5dfTi0YlTipQ-32" target="Cq76QrIc5dfTi0YlTipQ-191" edge="1">
          <mxGeometry relative="1" as="geometry">
            <mxPoint x="474" y="1010" as="sourcePoint" />
          </mxGeometry>
        </mxCell>
        <mxCell id="Cq76QrIc5dfTi0YlTipQ-201" style="edgeStyle=orthogonalEdgeStyle;curved=1;orthogonalLoop=1;jettySize=auto;html=1;exitX=0;exitY=0.5;exitDx=0;exitDy=0;entryX=1;entryY=0.5;entryDx=0;entryDy=0;endArrow=none;endFill=0;strokeColor=#1F6286;fontSize=10;fontColor=#FFFFFF;dashed=1;dashPattern=1 2;" parent="1" source="Cq76QrIc5dfTi0YlTipQ-191" target="Cq76QrIc5dfTi0YlTipQ-195" edge="1">
          <mxGeometry relative="1" as="geometry">
            <Array as="points">
              <mxPoint x="361" y="659" />
              <mxPoint x="361" y="615" />
            </Array>
          </mxGeometry>
        </mxCell>
        <UserObject label="Python Basics" link="https://realpython.com/tutorials/basics/" id="Cq76QrIc5dfTi0YlTipQ-191">
          <mxCell style="rounded=1;whiteSpace=nowrap;html=1;fontColor=#FFFFFF;fillColor=#1F6286;textDirection=ltr;shadow=1;" parent="1" vertex="1">
            <mxGeometry x="392" y="644.5" width="170" height="30" as="geometry" />
          </mxCell>
        </UserObject>
        <UserObject label="Important libraries" link="https://github.com/vinta/awesome-python" id="Cq76QrIc5dfTi0YlTipQ-193">
          <mxCell style="rounded=1;whiteSpace=nowrap;html=1;fontColor=#FFFFFF;fillColor=#1F6286;textDirection=ltr;shadow=1;" parent="1" vertex="1">
            <mxGeometry x="392" y="684.5" width="170" height="30" as="geometry" />
          </mxCell>
        </UserObject>
        <mxCell id="Cq76QrIc5dfTi0YlTipQ-231" style="edgeStyle=orthogonalEdgeStyle;curved=1;orthogonalLoop=1;jettySize=auto;html=1;exitX=0.5;exitY=1;exitDx=0;exitDy=0;endArrow=none;endFill=0;strokeColor=#1F6286;fontSize=10;fontColor=#FFFFFF;entryX=0.5;entryY=0;entryDx=0;entryDy=0;" parent="1" source="i9OERWlP8GrdBMv_NWYt-6" target="20nADvUfljp0ZlTacGp7-1" edge="1">
          <mxGeometry relative="1" as="geometry" />
        </mxCell>
        <UserObject label="Virtual Environments" link="https://docs.python-guide.org/dev/virtualenvs/" id="Cq76QrIc5dfTi0YlTipQ-194">
          <mxCell style="rounded=1;whiteSpace=nowrap;html=1;fontColor=#FFFFFF;fillColor=#1F6286;textDirection=ltr;shadow=1;" parent="1" vertex="1">
            <mxGeometry x="392" y="724.5" width="170" height="30" as="geometry" />
          </mxCell>
        </UserObject>
        <UserObject label="&lt;font face=&quot;sans-serif&quot;&gt;Expressions&lt;/font&gt;" id="Cq76QrIc5dfTi0YlTipQ-195">
          <mxCell style="rounded=1;whiteSpace=nowrap;html=1;fontSize=11;fillColor=#878787;textDirection=ltr;fontColor=#FFFFFF;labelBackgroundColor=none;endFill=0;endArrow=none;" parent="1" vertex="1">
            <mxGeometry x="135" y="605" width="211" height="20" as="geometry" />
          </mxCell>
        </UserObject>
        <mxCell id="Cq76QrIc5dfTi0YlTipQ-202" style="edgeStyle=orthogonalEdgeStyle;curved=1;orthogonalLoop=1;jettySize=auto;html=1;exitX=1;exitY=0.5;exitDx=0;exitDy=0;entryX=0;entryY=0.5;entryDx=0;entryDy=0;dashed=1;dashPattern=1 2;endArrow=none;endFill=0;strokeColor=#1F6286;fontSize=10;fontColor=#FFFFFF;" parent="1" source="Cq76QrIc5dfTi0YlTipQ-196" target="Cq76QrIc5dfTi0YlTipQ-191" edge="1">
          <mxGeometry relative="1" as="geometry">
            <Array as="points">
              <mxPoint x="361" y="646" />
              <mxPoint x="361" y="659" />
            </Array>
          </mxGeometry>
        </mxCell>
        <UserObject label="&lt;font face=&quot;sans-serif&quot;&gt;Variables&lt;/font&gt;" id="Cq76QrIc5dfTi0YlTipQ-196">
          <mxCell style="rounded=1;whiteSpace=nowrap;html=1;fontSize=11;fillColor=#878787;textDirection=ltr;fontColor=#FFFFFF;labelBackgroundColor=none;endFill=0;endArrow=none;" parent="1" vertex="1">
            <mxGeometry x="135" y="636" width="211" height="20" as="geometry" />
          </mxCell>
        </UserObject>
        <mxCell id="Cq76QrIc5dfTi0YlTipQ-203" style="edgeStyle=orthogonalEdgeStyle;curved=1;orthogonalLoop=1;jettySize=auto;html=1;exitX=1;exitY=0.5;exitDx=0;exitDy=0;entryX=0;entryY=0.5;entryDx=0;entryDy=0;dashed=1;dashPattern=1 2;endArrow=none;endFill=0;strokeColor=#1F6286;fontSize=10;fontColor=#FFFFFF;" parent="1" source="Cq76QrIc5dfTi0YlTipQ-197" target="Cq76QrIc5dfTi0YlTipQ-191" edge="1">
          <mxGeometry relative="1" as="geometry">
            <Array as="points">
              <mxPoint x="361" y="676" />
              <mxPoint x="361" y="659" />
            </Array>
          </mxGeometry>
        </mxCell>
        <UserObject label="&lt;font face=&quot;sans-serif&quot;&gt;Data Structures&lt;/font&gt;" id="Cq76QrIc5dfTi0YlTipQ-197">
          <mxCell style="rounded=1;whiteSpace=nowrap;html=1;fontSize=11;fillColor=#878787;textDirection=ltr;fontColor=#FFFFFF;labelBackgroundColor=none;endFill=0;endArrow=none;" parent="1" vertex="1">
            <mxGeometry x="135" y="666" width="211" height="20" as="geometry" />
          </mxCell>
        </UserObject>
        <mxCell id="Cq76QrIc5dfTi0YlTipQ-204" style="edgeStyle=orthogonalEdgeStyle;curved=1;orthogonalLoop=1;jettySize=auto;html=1;exitX=1;exitY=0.5;exitDx=0;exitDy=0;entryX=0;entryY=0.5;entryDx=0;entryDy=0;dashed=1;dashPattern=1 2;endArrow=none;endFill=0;strokeColor=#1F6286;fontSize=10;fontColor=#FFFFFF;" parent="1" source="Cq76QrIc5dfTi0YlTipQ-198" target="Cq76QrIc5dfTi0YlTipQ-191" edge="1">
          <mxGeometry relative="1" as="geometry">
            <Array as="points">
              <mxPoint x="361" y="706" />
              <mxPoint x="361" y="659" />
            </Array>
          </mxGeometry>
        </mxCell>
        <UserObject label="&lt;font face=&quot;sans-serif&quot;&gt;Functions&lt;/font&gt;" id="Cq76QrIc5dfTi0YlTipQ-198">
          <mxCell style="rounded=1;whiteSpace=nowrap;html=1;fontSize=11;fillColor=#878787;textDirection=ltr;fontColor=#FFFFFF;labelBackgroundColor=none;endFill=0;endArrow=none;" parent="1" vertex="1">
            <mxGeometry x="135" y="696" width="211" height="20" as="geometry" />
          </mxCell>
        </UserObject>
        <mxCell id="Cq76QrIc5dfTi0YlTipQ-205" style="edgeStyle=orthogonalEdgeStyle;curved=1;orthogonalLoop=1;jettySize=auto;html=1;exitX=1;exitY=0.5;exitDx=0;exitDy=0;entryX=0;entryY=0.5;entryDx=0;entryDy=0;dashed=1;dashPattern=1 2;endArrow=none;endFill=0;strokeColor=#1F6286;fontSize=10;fontColor=#FFFFFF;" parent="1" source="Cq76QrIc5dfTi0YlTipQ-199" target="Cq76QrIc5dfTi0YlTipQ-191" edge="1">
          <mxGeometry relative="1" as="geometry">
            <Array as="points">
              <mxPoint x="361" y="736" />
              <mxPoint x="361" y="659" />
            </Array>
          </mxGeometry>
        </mxCell>
        <UserObject label="&lt;font face=&quot;sans-serif&quot;&gt;Install packages (via pip, conda or similar)&lt;/font&gt;" id="Cq76QrIc5dfTi0YlTipQ-199">
          <mxCell style="rounded=1;whiteSpace=nowrap;html=1;fontSize=11;fillColor=#878787;textDirection=ltr;fontColor=#FFFFFF;labelBackgroundColor=none;endFill=0;endArrow=none;" parent="1" vertex="1">
            <mxGeometry x="135" y="726" width="211" height="20" as="geometry" />
          </mxCell>
        </UserObject>
        <mxCell id="Cq76QrIc5dfTi0YlTipQ-206" style="edgeStyle=orthogonalEdgeStyle;curved=1;orthogonalLoop=1;jettySize=auto;html=1;exitX=1;exitY=0.5;exitDx=0;exitDy=0;entryX=0;entryY=0.5;entryDx=0;entryDy=0;dashed=1;dashPattern=1 2;endArrow=none;endFill=0;strokeColor=#1F6286;fontSize=10;fontColor=#FFFFFF;" parent="1" source="Cq76QrIc5dfTi0YlTipQ-200" target="Cq76QrIc5dfTi0YlTipQ-191" edge="1">
          <mxGeometry relative="1" as="geometry">
            <Array as="points">
              <mxPoint x="361" y="766" />
              <mxPoint x="361" y="659" />
            </Array>
          </mxGeometry>
        </mxCell>
        <UserObject label="&lt;font face=&quot;sans-serif&quot;&gt;&lt;font&gt;Codestyle, e.g. &lt;/font&gt;&lt;a href=&quot;https://www.python.org/dev/peps/pep-0008/&quot;&gt;&lt;font color=&quot;#ffffff&quot;&gt;PEP8&lt;/font&gt;&lt;/a&gt;&lt;/font&gt;" id="Cq76QrIc5dfTi0YlTipQ-200">
          <mxCell style="rounded=1;whiteSpace=nowrap;html=1;fontSize=11;fillColor=#878787;textDirection=ltr;fontColor=#FFFFFF;labelBackgroundColor=none;endFill=0;endArrow=none;shadow=1;" parent="1" vertex="1">
            <mxGeometry x="135" y="756" width="211" height="20" as="geometry" />
          </mxCell>
        </UserObject>
        <mxCell id="Cq76QrIc5dfTi0YlTipQ-213" style="edgeStyle=orthogonalEdgeStyle;curved=1;orthogonalLoop=1;jettySize=auto;html=1;exitX=0;exitY=0.5;exitDx=0;exitDy=0;entryX=1;entryY=0.5;entryDx=0;entryDy=0;dashed=1;dashPattern=1 2;endArrow=none;endFill=0;strokeColor=#1B3CB3;fontSize=10;fontColor=#FFFFFF;" parent="1" source="Cq76QrIc5dfTi0YlTipQ-211" target="Cq76QrIc5dfTi0YlTipQ-193" edge="1">
          <mxGeometry relative="1" as="geometry">
            <Array as="points">
              <mxPoint x="576" y="686" />
              <mxPoint x="576" y="700" />
            </Array>
          </mxGeometry>
        </mxCell>
        <UserObject label="&lt;span style=&quot;font-size: 10px&quot;&gt;Numpy&lt;/span&gt;" link="https://www.numpy.org/" id="Cq76QrIc5dfTi0YlTipQ-211">
          <mxCell style="rounded=1;whiteSpace=nowrap;html=1;fontSize=11;fillColor=#878787;textDirection=ltr;fontColor=#FFFFFF;labelBackgroundColor=none;endFill=0;endArrow=none;shadow=1;" parent="1" vertex="1">
            <mxGeometry x="598.5" y="676" width="140" height="20" as="geometry" />
          </mxCell>
        </UserObject>
        <mxCell id="Cq76QrIc5dfTi0YlTipQ-214" style="edgeStyle=orthogonalEdgeStyle;curved=1;orthogonalLoop=1;jettySize=auto;html=1;exitX=0;exitY=0.5;exitDx=0;exitDy=0;entryX=1;entryY=0.5;entryDx=0;entryDy=0;dashed=1;dashPattern=1 2;endArrow=none;endFill=0;strokeColor=#1B3CB3;fontSize=10;fontColor=#FFFFFF;" parent="1" source="Cq76QrIc5dfTi0YlTipQ-212" target="Cq76QrIc5dfTi0YlTipQ-193" edge="1">
          <mxGeometry relative="1" as="geometry">
            <Array as="points">
              <mxPoint x="579" y="716" />
              <mxPoint x="579" y="700" />
            </Array>
          </mxGeometry>
        </mxCell>
        <UserObject label="&lt;span style=&quot;font-size: 10px&quot;&gt;Pandas&lt;/span&gt;" link="https://pandas.pydata.org/pandas-docs/stable/getting_started/" id="Cq76QrIc5dfTi0YlTipQ-212">
          <mxCell style="rounded=1;whiteSpace=nowrap;html=1;fontSize=11;fillColor=#878787;textDirection=ltr;fontColor=#FFFFFF;labelBackgroundColor=none;endFill=0;endArrow=none;shadow=1;" parent="1" vertex="1">
            <mxGeometry x="598.5" y="706" width="140" height="20" as="geometry" />
          </mxCell>
        </UserObject>
        <mxCell id="Cq76QrIc5dfTi0YlTipQ-225" value="&lt;font color=&quot;#000000&quot;&gt;Basics&lt;/font&gt;" style="text;html=1;strokeColor=none;fillColor=none;align=center;verticalAlign=middle;whiteSpace=nowrap;rounded=0;labelBackgroundColor=none;fontSize=16;fontColor=#FFFFFF;fontStyle=1" parent="1" vertex="1">
          <mxGeometry x="240" y="173" width="90" height="20" as="geometry" />
        </mxCell>
        <mxCell id="Cq76QrIc5dfTi0YlTipQ-229" value="&lt;font color=&quot;#000000&quot; style=&quot;font-size: 16px&quot;&gt;Python&amp;nbsp; &amp;nbsp;Programming&lt;/font&gt;" style="text;html=1;strokeColor=none;fillColor=none;align=left;verticalAlign=middle;whiteSpace=nowrap;rounded=0;labelBackgroundColor=none;fontSize=16;fontColor=#FFFFFF;fontStyle=1" parent="1" vertex="1">
          <mxGeometry x="413" y="612.5" width="205" height="31" as="geometry" />
        </mxCell>
        <mxCell id="Cq76QrIc5dfTi0YlTipQ-232" value="&lt;font color=&quot;#000000&quot; style=&quot;font-size: 16px&quot;&gt;Exploratory Data Analysis / &lt;br&gt;Data Munging / - Wrangling&lt;/font&gt;" style="text;html=1;strokeColor=none;fillColor=none;align=center;verticalAlign=middle;whiteSpace=nowrap;rounded=0;labelBackgroundColor=none;fontSize=16;fontColor=#FFFFFF;fontStyle=1" parent="1" vertex="1">
          <mxGeometry x="160" y="1050" width="221" height="45" as="geometry" />
        </mxCell>
        <mxCell id="Cq76QrIc5dfTi0YlTipQ-257" style="edgeStyle=orthogonalEdgeStyle;curved=1;orthogonalLoop=1;jettySize=auto;html=1;endArrow=none;endFill=0;strokeColor=#1F6286;fontSize=10;fontColor=#FFFFFF;entryX=0.5;entryY=0;entryDx=0;entryDy=0;exitX=0.547;exitY=1;exitDx=0;exitDy=0;exitPerimeter=0;" parent="1" source="i9OERWlP8GrdBMv_NWYt-5" target="Cq76QrIc5dfTi0YlTipQ-267" edge="1">
          <mxGeometry relative="1" as="geometry">
            <mxPoint x="575" y="1025" as="sourcePoint" />
            <mxPoint x="460" y="1080" as="targetPoint" />
          </mxGeometry>
        </mxCell>
        <UserObject label="&lt;font color=&quot;#ffffff&quot;&gt;&lt;a href=&quot;https://towardsdatascience.com/dimensionality-reduction-for-machine-learning-80a46c2ebb7e&quot;&gt;&lt;font color=&quot;#ffffff&quot;&gt;&lt;i&gt;Dimensionality &lt;/i&gt;&lt;/font&gt;&lt;/a&gt;&amp;amp; &lt;a href=&quot;https://www.geeksforgeeks.org/numerosity-reduction-in-data-mining/&quot;&gt;&lt;font color=&quot;#ffffff&quot;&gt;Numerosity &lt;/font&gt;&lt;/a&gt;Reduction&lt;/font&gt;" id="Cq76QrIc5dfTi0YlTipQ-256">
          <mxCell style="rounded=1;html=1;fontColor=#FFFFFF;fillColor=#1F6286;textDirection=ltr;whiteSpace=wrap;shadow=1;" parent="1" vertex="1">
            <mxGeometry x="321" y="1144" width="170" height="30" as="geometry" />
          </mxCell>
        </UserObject>
        <UserObject label="Normalization" link="https://en.wikipedia.org/wiki/Normalization_(statistics)" id="Cq76QrIc5dfTi0YlTipQ-259">
          <mxCell style="rounded=1;whiteSpace=nowrap;html=1;fontColor=#FFFFFF;fillColor=#1F6286;textDirection=ltr;shadow=1;" parent="1" vertex="1">
            <mxGeometry x="321" y="1189" width="170" height="30" as="geometry" />
          </mxCell>
        </UserObject>
        <UserObject label="Data Scrubbing, &lt;br&gt;Handling Missing Values" link="https://towardsdatascience.com/the-ultimate-guide-to-data-cleaning-3969843991d4" id="Cq76QrIc5dfTi0YlTipQ-260">
          <mxCell style="rounded=1;whiteSpace=nowrap;html=1;fontColor=#FFFFFF;fillColor=#1F6286;textDirection=ltr;shadow=1;" parent="1" vertex="1">
            <mxGeometry x="321" y="1233" width="170" height="30" as="geometry" />
          </mxCell>
        </UserObject>
        <UserObject label="Unbiased Estimators" link="https://www.statisticshowto.datasciencecentral.com/unbiased/" id="Cq76QrIc5dfTi0YlTipQ-261">
          <mxCell style="rounded=1;whiteSpace=nowrap;html=1;fontColor=#FFFFFF;fillColor=#1F6286;textDirection=ltr;shadow=1;" parent="1" vertex="1">
            <mxGeometry x="321" y="1278" width="170" height="30" as="geometry" />
          </mxCell>
        </UserObject>
        <UserObject label="Binning sparse values" link="https://towardsdatascience.com/understanding-feature-engineering-part-1-continuous-numeric-data-da4e47099a7b" id="Cq76QrIc5dfTi0YlTipQ-262">
          <mxCell style="rounded=1;whiteSpace=nowrap;html=1;fontColor=#FFFFFF;fillColor=#1F6286;textDirection=ltr;shadow=1;" parent="1" vertex="1">
            <mxGeometry x="321" y="1322" width="170" height="30" as="geometry" />
          </mxCell>
        </UserObject>
        <UserObject label="Feature Extraction" link="https://medium.com/@mehulved1503/feature-selection-and-feature-extraction-in-machine-learning-an-overview-57891c595e96" id="Cq76QrIc5dfTi0YlTipQ-263">
          <mxCell style="rounded=1;whiteSpace=nowrap;html=1;fontColor=#FFFFFF;fillColor=#1F6286;textDirection=ltr;shadow=1;" parent="1" vertex="1">
            <mxGeometry x="321" y="1366" width="170" height="30" as="geometry" />
          </mxCell>
        </UserObject>
        <UserObject label="Denoising" link="https://yusout.com/2019/04/29/dealing-with-noisy-data-in-data-science/" id="Cq76QrIc5dfTi0YlTipQ-264">
          <mxCell style="rounded=1;whiteSpace=nowrap;html=1;fontColor=#FFFFFF;fillColor=#1F6286;textDirection=ltr;shadow=1;" parent="1" vertex="1">
            <mxGeometry x="321" y="1411" width="170" height="30" as="geometry" />
          </mxCell>
        </UserObject>
        <UserObject label="Sampling" link="https://en.wikipedia.org/wiki/Sampling_(statistics)" id="Cq76QrIc5dfTi0YlTipQ-265">
          <mxCell style="rounded=1;whiteSpace=nowrap;html=1;fontColor=#FFFFFF;fillColor=#1F6286;textDirection=ltr;shadow=1;" parent="1" vertex="1">
            <mxGeometry x="321" y="1455" width="170" height="30" as="geometry" />
          </mxCell>
        </UserObject>
        <UserObject label="Principal Component Analysis (PCA)" link="https://en.wikipedia.org/wiki/Principal_component_analysis" id="Cq76QrIc5dfTi0YlTipQ-267">
          <mxCell style="rounded=1;html=1;fontColor=#FFFFFF;fillColor=#1F6286;textDirection=ltr;whiteSpace=wrap;shadow=1;" parent="1" vertex="1">
            <mxGeometry x="321" y="1100" width="170" height="30" as="geometry" />
          </mxCell>
        </UserObject>
        <mxCell id="Cq76QrIc5dfTi0YlTipQ-322" value="" style="curved=1;endArrow=none;html=1;dashed=1;strokeColor=#1F6286;endFill=0;exitX=0.5;exitY=1;exitDx=0;exitDy=0;fontSize=24;fontColor=#FFFFFF;" parent="1" source="Cq76QrIc5dfTi0YlTipQ-265" target="mwhga6FKiBwJO0drZFbt-1" edge="1">
          <mxGeometry width="50" height="50" relative="1" as="geometry">
            <mxPoint x="321" y="1471" as="sourcePoint" />
            <mxPoint x="605" y="1580" as="targetPoint" />
            <Array as="points">
              <mxPoint x="410" y="1565" />
              <mxPoint x="283" y="1585" />
            </Array>
          </mxGeometry>
        </mxCell>
        <mxCell id="Cq76QrIc5dfTi0YlTipQ-323" value="" style="curved=1;endArrow=none;html=1;entryX=0.5;entryY=0;entryDx=0;entryDy=0;dashed=1;strokeColor=#1F6286;endFill=0;exitX=0.5;exitY=1;exitDx=0;exitDy=0;fontSize=24;fontColor=#FFFFFF;" parent="1" source="Cq76QrIc5dfTi0YlTipQ-265" target="mwhga6FKiBwJO0drZFbt-2" edge="1">
          <mxGeometry width="50" height="50" relative="1" as="geometry">
            <mxPoint x="395" y="1446" as="sourcePoint" />
            <mxPoint x="578.5" y="1650" as="targetPoint" />
            <Array as="points">
              <mxPoint x="406" y="1565" />
              <mxPoint x="535" y="1585" />
            </Array>
          </mxGeometry>
        </mxCell>
        <UserObject label="&lt;font style=&quot;font-size: 10px&quot;&gt;CSV&lt;/font&gt;" link="https://en.wikipedia.org/wiki/Comma-separated_values" id="i9OERWlP8GrdBMv_NWYt-1">
          <mxCell style="rounded=1;whiteSpace=nowrap;html=1;fontSize=11;fillColor=#878787;textDirection=ltr;fontColor=#FFFFFF;labelBackgroundColor=none;endFill=0;endArrow=none;shadow=1;" parent="1" vertex="1">
            <mxGeometry x="159" y="482" width="50" height="20" as="geometry" />
          </mxCell>
        </UserObject>
        <mxCell id="i9OERWlP8GrdBMv_NWYt-2" style="edgeStyle=orthogonalEdgeStyle;curved=1;orthogonalLoop=1;jettySize=auto;html=1;exitX=1;exitY=0.5;exitDx=0;exitDy=0;entryX=0;entryY=0.5;entryDx=0;entryDy=0;dashed=1;dashPattern=1 2;endArrow=none;endFill=0;strokeColor=#1F6286;fontSize=10;fontColor=#FFFFFF;textDirection=ltr;" parent="1" source="i9OERWlP8GrdBMv_NWYt-1" target="Cq76QrIc5dfTi0YlTipQ-26" edge="1">
          <mxGeometry relative="1" as="geometry">
            <mxPoint x="214" y="483" as="sourcePoint" />
            <mxPoint x="264" y="470" as="targetPoint" />
          </mxGeometry>
        </mxCell>
        <UserObject label="Awesome Public Datasets" link="https://github.com/awesomedata/awesome-public-datasets" id="i9OERWlP8GrdBMv_NWYt-4">
          <mxCell style="rounded=1;whiteSpace=nowrap;html=1;fontColor=#FFFFFF;fillColor=#1F6286;textDirection=ltr;shadow=1;" parent="1" vertex="1">
            <mxGeometry x="485" y="935" width="170" height="30" as="geometry" />
          </mxCell>
        </UserObject>
        <UserObject label="Kaggle" link="https://www.kaggle.com/" id="i9OERWlP8GrdBMv_NWYt-5">
          <mxCell style="rounded=1;whiteSpace=nowrap;html=1;fillColor=#1f6286;fontColor=#FFFFFF;shadow=1;" parent="1" vertex="1">
            <mxGeometry x="485" y="970" width="170" height="30" as="geometry" />
          </mxCell>
        </UserObject>
        <mxCell id="i9OERWlP8GrdBMv_NWYt-6" value="Jupyter Notebooks / Lab" style="rounded=1;whiteSpace=nowrap;html=1;fillColor=#1F6286;fontColor=#FFFFFF;textDirection=ltr;" parent="1" vertex="1">
          <mxGeometry x="391" y="766" width="170" height="30" as="geometry" />
        </mxCell>
        <mxCell id="i9OERWlP8GrdBMv_NWYt-31" value="&lt;font color=&quot;#000000&quot; style=&quot;font-size: 16px&quot;&gt;Data Sources&lt;/font&gt;" style="text;html=1;strokeColor=none;fillColor=none;align=center;verticalAlign=middle;whiteSpace=nowrap;rounded=0;labelBackgroundColor=none;fontSize=16;fontColor=#FFFFFF;fontStyle=1" parent="1" vertex="1">
          <mxGeometry x="590" y="830" width="110" height="31" as="geometry" />
        </mxCell>
        <mxCell id="RTNuT0qv83HE0F3EV0GY-2" value="&lt;font style=&quot;font-size: 10px&quot; color=&quot;#999999&quot;&gt;Some boxes link to additional resources&lt;/font&gt;" style="text;html=1;strokeColor=none;fillColor=none;align=center;verticalAlign=middle;whiteSpace=wrap;rounded=0;fontColor=#FF8000;" parent="1" vertex="1">
          <mxGeometry x="35" y="248" width="204" height="20" as="geometry" />
        </mxCell>
        <mxCell id="axYppKmcBhjd9RSlsNxy-1" style="edgeStyle=orthogonalEdgeStyle;rounded=0;orthogonalLoop=1;jettySize=auto;html=1;endArrow=oval;endFill=1;strokeColor=#FF8000;dashed=1;dashPattern=1 2;shadow=0;" parent="1" edge="1">
          <mxGeometry relative="1" as="geometry">
            <mxPoint x="253.26" y="385" as="targetPoint" />
            <mxPoint x="140" y="310" as="sourcePoint" />
            <Array as="points">
              <mxPoint x="140" y="310" />
              <mxPoint x="140" y="385" />
            </Array>
          </mxGeometry>
        </mxCell>
        <mxCell id="RTNuT0qv83HE0F3EV0GY-3" value="&lt;font style=&quot;font-size: 16px&quot;&gt;&lt;font style=&quot;font-size: 16px&quot;&gt;Interactive version on&lt;br&gt;&lt;a href=&quot;https://i.am.ai/roadmap/&quot; style=&quot;font-weight: bold&quot;&gt;&lt;font color=&quot;#ff8000&quot; style=&quot;font-size: 16px&quot;&gt;i.am.ai/roadmap&lt;/font&gt;&lt;/a&gt;&lt;/font&gt;&lt;br&gt;&lt;/font&gt;" style="text;html=1;strokeColor=none;fillColor=none;align=center;verticalAlign=middle;whiteSpace=wrap;rounded=0;fontColor=#FF8000;" parent="1" vertex="1">
          <mxGeometry x="35" y="270" width="204" height="30" as="geometry" />
        </mxCell>
        <mxCell id="mwhga6FKiBwJO0drZFbt-1" value="&lt;font color=&quot;#000000&quot;&gt;Data Scientist&lt;/font&gt;" style="text;html=1;strokeColor=none;fillColor=none;align=center;verticalAlign=middle;whiteSpace=nowrap;rounded=0;labelBackgroundColor=none;fontSize=16;fontColor=#FFFFFF;fontStyle=1" parent="1" vertex="1">
          <mxGeometry x="201" y="1653" width="150" height="45" as="geometry" />
        </mxCell>
        <mxCell id="mwhga6FKiBwJO0drZFbt-2" value="&lt;font color=&quot;#000000&quot;&gt;Data Engineer&lt;/font&gt;" style="text;html=1;strokeColor=none;fillColor=none;align=center;verticalAlign=middle;whiteSpace=nowrap;rounded=0;labelBackgroundColor=none;fontSize=16;fontColor=#FFFFFF;fontStyle=1" parent="1" vertex="1">
          <mxGeometry x="464" y="1653" width="150" height="45" as="geometry" />
        </mxCell>
        <UserObject label="Data Mining" link="https://www.dummies.com/programming/big-data/data-science/data-mining-for-dummies-cheat-sheet/" id="20nADvUfljp0ZlTacGp7-1">
          <mxCell style="rounded=1;whiteSpace=nowrap;html=1;fontColor=#FFFFFF;fillColor=#1F6286;textDirection=ltr;shadow=1;" parent="1" vertex="1">
            <mxGeometry x="485" y="865" width="170" height="30" as="geometry" />
          </mxCell>
        </UserObject>
        <UserObject label="Web Scraping" link="https://towardsdatascience.com/big-data-what-is-web-scraping-and-how-to-use-it-74e7e8b58fd6" id="20nADvUfljp0ZlTacGp7-2">
          <mxCell style="rounded=1;whiteSpace=nowrap;html=1;fontColor=#FFFFFF;fillColor=#1F6286;textDirection=ltr;shadow=1;" parent="1" vertex="1">
            <mxGeometry x="485" y="900" width="170" height="30" as="geometry" />
          </mxCell>
        </UserObject>
      </root>
    </mxGraphModel>
  </diagram>
</mxfile>
