<?xml version="1.0" encoding="UTF-8"?>
<mxfile modified="2021-03-05T15:41:27.452Z" host="app.diagrams.net" agent="5.0 (Macintosh; Intel Mac OS X 11_2_1) AppleWebKit/537.36 (KHTML, like Gecko) Chrome/89.0.4389.72 Safari/537.36" etag="96YZ6k3W0rIOUKlDg9Xn" compressed="false" version="14.4.4" type="device">
  <diagram id="-Y90kLDtCIYLgzMOPb3_" name="Page-1">
    <mxGraphModel dx="786" dy="1129" grid="1" gridSize="10" guides="1" tooltips="1" connect="1" arrows="1" fold="1" page="1" pageScale="1" pageWidth="827" pageHeight="459" math="0" shadow="0">
      <root>
        <mxCell id="0" />
        <mxCell id="1" parent="0" />
        <UserObject label="GIT - Version Control" link="https://git-scm.com/" id="3oOMFXwpDthQT0sGTSB_-2">
          <mxCell style="rounded=1;whiteSpace=nowrap;html=1;fillColor=#1f6286;fontColor=#FFFFFF;" parent="1" vertex="1">
            <mxGeometry x="10" y="104" width="210" height="30" as="geometry" />
          </mxCell>
        </UserObject>
        <UserObject label="Papers With Code" link="https://paperswithcode.com/" id="3oOMFXwpDthQT0sGTSB_-6">
          <mxCell style="rounded=1;whiteSpace=nowrap;html=1;fillColor=#1f6286;fontColor=#FFFFFF;" parent="1" vertex="1">
            <mxGeometry x="10" y="63" width="210" height="30" as="geometry" />
          </mxCell>
        </UserObject>
        <UserObject label="Personal Recommendation!&lt;br&gt;" id="3oOMFXwpDthQT0sGTSB_-12">
          <mxCell style="rounded=1;whiteSpace=nowrap;html=1;fillColor=#1f6286;fontColor=#FFFFFF;" parent="1" vertex="1">
            <mxGeometry x="610" y="63" width="210" height="30" as="geometry" />
          </mxCell>
        </UserObject>
        <UserObject label="Available Options&lt;br&gt;" id="3oOMFXwpDthQT0sGTSB_-13">
          <mxCell style="rounded=1;whiteSpace=nowrap;html=1;fillColor=#878787;strokeColor=#000000;fontColor=#FFFFFF;" parent="1" vertex="1">
            <mxGeometry x="610" y="104" width="210" height="30" as="geometry" />
          </mxCell>
        </UserObject>
        <UserObject label="Data Scientist&lt;br&gt;" link="#data-science-roadmap" id="3oOMFXwpDthQT0sGTSB_-14">
          <mxCell style="rounded=1;whiteSpace=nowrap;html=1;fillColor=#878787;strokeColor=#000000;fontColor=#FFFFFF;shadow=1;" parent="1" vertex="1">
            <mxGeometry x="270" y="240" width="111" height="30" as="geometry" />
          </mxCell>
        </UserObject>
        <mxCell id="3oOMFXwpDthQT0sGTSB_-15" value="" style="endArrow=none;html=1;strokeWidth=2;strokeColor=#1F6286;startArrow=block;startFill=1;entryX=0.5;entryY=1;entryDx=0;entryDy=0;exitX=0.5;exitY=0;exitDx=0;exitDy=0;" parent="1" source="3oOMFXwpDthQT0sGTSB_-21" target="3oOMFXwpDthQT0sGTSB_-14" edge="1">
          <mxGeometry width="50" height="50" relative="1" as="geometry">
            <mxPoint x="315" y="301" as="sourcePoint" />
            <mxPoint x="314.5" y="241" as="targetPoint" />
          </mxGeometry>
        </mxCell>
        <UserObject label="Big Data Engineer&lt;br&gt;" link="#big-data-engineer-roadmap" id="3oOMFXwpDthQT0sGTSB_-17">
          <mxCell style="rounded=1;whiteSpace=nowrap;html=1;fillColor=#878787;strokeColor=#000000;fontColor=#FFFFFF;shadow=1;" parent="1" vertex="1">
            <mxGeometry x="449" y="301" width="111" height="30" as="geometry" />
          </mxCell>
        </UserObject>
        <UserObject label="Machine Learning&lt;br&gt;" link="#machine-learning-roadmap" id="3oOMFXwpDthQT0sGTSB_-21">
          <mxCell style="rounded=1;html=1;fillColor=#878787;strokeColor=#000000;fontColor=#FFFFFF;whiteSpace=wrap;shadow=1;" parent="1" vertex="1">
            <mxGeometry x="270" y="301" width="111" height="30" as="geometry" />
          </mxCell>
        </UserObject>
        <UserObject label="Deep Learning&lt;br&gt;" link="#deep-learning-roadmap" id="3oOMFXwpDthQT0sGTSB_-22">
          <mxCell style="rounded=1;whiteSpace=nowrap;html=1;fillColor=#878787;strokeColor=#000000;fontColor=#FFFFFF;shadow=1;" parent="1" vertex="1">
            <mxGeometry x="270" y="361" width="111" height="30" as="geometry" />
          </mxCell>
        </UserObject>
        <mxCell id="3oOMFXwpDthQT0sGTSB_-23" value="" style="endArrow=none;html=1;strokeWidth=2;exitX=0;exitY=0.5;exitDx=0;exitDy=0;curved=1;shadow=0;comic=0;startArrow=blockThin;startFill=1;strokeColor=#287FAD;dashed=1;entryX=0.5;entryY=1;entryDx=0;entryDy=0;" parent="1" source="3oOMFXwpDthQT0sGTSB_-22" target="gQKesuVpX4WZQqMmXACk-9" edge="1">
          <mxGeometry width="50" height="50" relative="1" as="geometry">
            <mxPoint x="364.17647058823536" y="194.64705882352928" as="sourcePoint" />
            <mxPoint x="400" y="190" as="targetPoint" />
            <Array as="points">
              <mxPoint x="210" y="330" />
              <mxPoint x="260" y="172" />
              <mxPoint x="414" y="220" />
            </Array>
          </mxGeometry>
        </mxCell>
        <mxCell id="3oOMFXwpDthQT0sGTSB_-26" value="" style="endArrow=none;html=1;strokeWidth=2;strokeColor=#1F6286;startArrow=block;startFill=1;entryX=0.5;entryY=1;entryDx=0;entryDy=0;exitX=0.5;exitY=0;exitDx=0;exitDy=0;" parent="1" source="3oOMFXwpDthQT0sGTSB_-22" target="3oOMFXwpDthQT0sGTSB_-21" edge="1">
          <mxGeometry width="50" height="50" relative="1" as="geometry">
            <mxPoint x="325" y="311" as="sourcePoint" />
            <mxPoint x="325" y="241" as="targetPoint" />
          </mxGeometry>
        </mxCell>
        <UserObject label="Data Engineer&lt;br&gt;" link="#data-engineer-roadmap" id="3oOMFXwpDthQT0sGTSB_-28">
          <mxCell style="rounded=1;whiteSpace=nowrap;html=1;fillColor=#878787;strokeColor=#000000;fontColor=#FFFFFF;shadow=1;" parent="1" vertex="1">
            <mxGeometry x="449" y="240" width="111" height="30" as="geometry" />
          </mxCell>
        </UserObject>
        <mxCell id="3oOMFXwpDthQT0sGTSB_-36" value="" style="endArrow=none;dashed=1;html=1;dashPattern=1 1;strokeWidth=4;strokeColor=#1F6286;" parent="1" edge="1">
          <mxGeometry width="50" height="50" relative="1" as="geometry">
            <mxPoint x="504.20999999999975" y="381" as="sourcePoint" />
            <mxPoint x="504.20999999999975" y="331.0000000000002" as="targetPoint" />
          </mxGeometry>
        </mxCell>
        <mxCell id="gQKesuVpX4WZQqMmXACk-1" value="" style="endArrow=none;dashed=1;html=1;dashPattern=1 1;strokeWidth=4;strokeColor=#1F6286;" parent="1" edge="1">
          <mxGeometry width="50" height="50" relative="1" as="geometry">
            <mxPoint x="325.20999999999975" y="447" as="sourcePoint" />
            <mxPoint x="325.20999999999975" y="397.0000000000002" as="targetPoint" />
          </mxGeometry>
        </mxCell>
        <mxCell id="gQKesuVpX4WZQqMmXACk-2" value="" style="endArrow=none;html=1;strokeColor=#FFFFFF;fontSize=11;fontColor=#FFFFFF;" parent="1" edge="1">
          <mxGeometry width="50" height="50" relative="1" as="geometry">
            <mxPoint x="250" y="10" as="sourcePoint" />
            <mxPoint x="560" y="10" as="targetPoint" />
          </mxGeometry>
        </mxCell>
        <mxCell id="gQKesuVpX4WZQqMmXACk-7" value="Required for any path" style="rounded=0;whiteSpace=nowrap;html=1;strokeColor=#FFFFFF;fillColor=none;fontSize=14;fontColor=#000000;align=center;fontStyle=1;shadow=0;glass=0;comic=0;" parent="1" vertex="1">
          <mxGeometry x="30" y="33.75" width="160" height="22.5" as="geometry" />
        </mxCell>
        <mxCell id="gQKesuVpX4WZQqMmXACk-8" value="AI Expert in 2021" style="rounded=0;whiteSpace=nowrap;html=1;strokeColor=#FFFFFF;fillColor=none;fontSize=24;fontColor=#000000;align=center;fontStyle=1" parent="1" vertex="1">
          <mxGeometry x="314" y="10" width="200" height="40" as="geometry" />
        </mxCell>
        <mxCell id="gQKesuVpX4WZQqMmXACk-9" value="Choose your path" style="rounded=0;whiteSpace=nowrap;html=1;strokeColor=#FFFFFF;fillColor=none;fontSize=14;fontColor=#000000;align=center;fontStyle=1" parent="1" vertex="1">
          <mxGeometry x="349" y="159.5" width="130" height="25" as="geometry" />
        </mxCell>
        <mxCell id="gQKesuVpX4WZQqMmXACk-10" value="Legend" style="rounded=0;whiteSpace=nowrap;html=1;strokeColor=#FFFFFF;fillColor=none;fontSize=14;fontColor=#000000;align=center;fontStyle=1" parent="1" vertex="1">
          <mxGeometry x="670" y="36.25" width="80" height="20" as="geometry" />
        </mxCell>
        <UserObject label="Semantic Versioning" link="https://semver.org/" id="8HipHq_RoTziRcoMrEiH-1">
          <mxCell style="rounded=1;whiteSpace=nowrap;html=1;fillColor=#1f6286;fontColor=#FFFFFF;" parent="1" vertex="1">
            <mxGeometry x="10" y="144.5" width="210" height="30" as="geometry" />
          </mxCell>
        </UserObject>
        <UserObject label="Keep a Changelog" link="https://keepachangelog.com" id="8HipHq_RoTziRcoMrEiH-2">
          <mxCell style="rounded=1;whiteSpace=nowrap;html=1;fillColor=#1f6286;fontColor=#FFFFFF;" parent="1" vertex="1">
            <mxGeometry x="10" y="184.5" width="210" height="30" as="geometry" />
          </mxCell>
        </UserObject>
        <UserObject label="Fundamentals" link="#fundamentals" id="qldJKWdAueBzsav_uKPz-1">
          <mxCell style="rounded=1;whiteSpace=nowrap;html=1;fillColor=#878787;strokeColor=#000000;fontColor=#FFFFFF;shadow=1;" parent="1" vertex="1">
            <mxGeometry x="369" y="90" width="90" height="30" as="geometry" />
          </mxCell>
        </UserObject>
        <mxCell id="qldJKWdAueBzsav_uKPz-3" value="" style="endArrow=none;html=1;strokeWidth=2;strokeColor=#1F6286;curved=1;shadow=0;comic=0;startArrow=blockThin;startFill=1;entryX=0.5;entryY=1;entryDx=0;entryDy=0;exitX=0.5;exitY=0;exitDx=0;exitDy=0;" parent="1" source="qldJKWdAueBzsav_uKPz-1" target="gQKesuVpX4WZQqMmXACk-8" edge="1">
          <mxGeometry width="50" height="50" relative="1" as="geometry">
            <mxPoint x="414" y="95" as="sourcePoint" />
            <mxPoint x="410" y="185" as="targetPoint" />
            <Array as="points">
              <mxPoint x="414" y="75" />
            </Array>
          </mxGeometry>
        </mxCell>
        <mxCell id="qldJKWdAueBzsav_uKPz-4" value="" style="endArrow=none;html=1;strokeWidth=2;strokeColor=#1F6286;curved=1;shadow=0;comic=0;startArrow=blockThin;startFill=1;entryX=0.5;entryY=1;entryDx=0;entryDy=0;exitX=0.5;exitY=0;exitDx=0;exitDy=0;" parent="1" source="gQKesuVpX4WZQqMmXACk-9" target="qldJKWdAueBzsav_uKPz-1" edge="1">
          <mxGeometry width="50" height="50" relative="1" as="geometry">
            <mxPoint x="424" y="109.5" as="sourcePoint" />
            <mxPoint x="424" y="60" as="targetPoint" />
            <Array as="points" />
          </mxGeometry>
        </mxCell>
        <mxCell id="qldJKWdAueBzsav_uKPz-8" value="" style="endArrow=none;html=1;strokeWidth=2;strokeColor=#1F6286;curved=1;shadow=0;comic=0;startArrow=blockThin;startFill=1;exitX=0.5;exitY=0;exitDx=0;exitDy=0;entryX=0.5;entryY=1;entryDx=0;entryDy=0;" parent="1" source="3oOMFXwpDthQT0sGTSB_-28" target="gQKesuVpX4WZQqMmXACk-9" edge="1">
          <mxGeometry width="50" height="50" relative="1" as="geometry">
            <mxPoint x="480" y="210" as="sourcePoint" />
            <mxPoint x="410" y="180" as="targetPoint" />
            <Array as="points">
              <mxPoint x="505" y="200" />
              <mxPoint x="414" y="210" />
            </Array>
          </mxGeometry>
        </mxCell>
        <mxCell id="3oOMFXwpDthQT0sGTSB_-16" value="" style="endArrow=none;html=1;strokeWidth=2;strokeColor=#1F6286;exitX=0.5;exitY=0;exitDx=0;exitDy=0;curved=1;shadow=0;comic=0;startArrow=blockThin;startFill=1;entryX=0.5;entryY=1;entryDx=0;entryDy=0;" parent="1" source="3oOMFXwpDthQT0sGTSB_-14" target="gQKesuVpX4WZQqMmXACk-9" edge="1">
          <mxGeometry width="50" height="50" relative="1" as="geometry">
            <mxPoint x="364" y="295" as="sourcePoint" />
            <mxPoint x="400" y="190" as="targetPoint" />
            <Array as="points">
              <mxPoint x="326" y="200" />
              <mxPoint x="414" y="210" />
            </Array>
          </mxGeometry>
        </mxCell>
        <mxCell id="qldJKWdAueBzsav_uKPz-9" value="" style="group;rotation=0;" parent="1" vertex="1" connectable="0">
          <mxGeometry x="204" y="268" width="50" height="50" as="geometry" />
        </mxCell>
        <mxCell id="3oOMFXwpDthQT0sGTSB_-24" value="" style="endArrow=none;html=1;strokeWidth=4;fillColor=#f8cecc;strokeColor=#FF0000;" parent="qldJKWdAueBzsav_uKPz-9" edge="1">
          <mxGeometry width="50" height="50" relative="1" as="geometry">
            <mxPoint y="50" as="sourcePoint" />
            <mxPoint x="50" as="targetPoint" />
          </mxGeometry>
        </mxCell>
        <mxCell id="3oOMFXwpDthQT0sGTSB_-25" value="" style="endArrow=none;html=1;strokeWidth=4;fillColor=#f8cecc;strokeColor=#FF0000;" parent="qldJKWdAueBzsav_uKPz-9" edge="1">
          <mxGeometry width="50" height="50" relative="1" as="geometry">
            <mxPoint as="sourcePoint" />
            <mxPoint x="50" y="50" as="targetPoint" />
          </mxGeometry>
        </mxCell>
        <mxCell id="qldJKWdAueBzsav_uKPz-10" value="" style="endArrow=none;html=1;strokeWidth=2;strokeColor=#1F6286;startArrow=block;startFill=1;entryX=0.5;entryY=1;entryDx=0;entryDy=0;" parent="1" source="3oOMFXwpDthQT0sGTSB_-17" target="3oOMFXwpDthQT0sGTSB_-28" edge="1">
          <mxGeometry width="50" height="50" relative="1" as="geometry">
            <mxPoint x="335.5" y="311" as="sourcePoint" />
            <mxPoint x="335.5" y="280" as="targetPoint" />
          </mxGeometry>
        </mxCell>
      </root>
    </mxGraphModel>
  </diagram>
</mxfile>
